drug_id,drug_name,target,smiles,approval_year
DB00001,Refludan,Direct thrombin inhibitors,CCC(C)C1C(=O)NC(C(=O)NCC(=O)NC(C(=O)NC(C(=O)NCC(=O)NC(C(=O)NC(C(=O)NC(C(=O)NC(C(=O)NC(CSSCC2C(=O)NCC(=O)NC(C(=O)NCC(=O)NC(C(=O)NC(C(=O)NC(CSSCC(C(=O)NC(C(=O)NCC(=O)NC(C(=O)NC(C(=O)NC(C(=O)N2)C(C)C)CC(=O)N)CO)CCC(=O)O)NC(=O)C(CC(C)C)NC(=O)C3CSSCC(C(=O)NC(C(=O)NC(C(=O)NC(C(=O)NCC(=O)NC(C(=O)NC(C(=O)NC(C(=O)N3)CC(C)C)CC(=O)N)CCC(=O)N)CO)CCC(=O)O)C(C)O)NC(=O)C(CC(=O)O)NC(=O)C(C(C)O)NC(=O)C(CC4=CC=C(C=C4)O)NC(=O)C(C(C)O)NC(=O)C(CC(C)C)N)C(=O)N1)CCCCN)CC(=O)N)CCC(=O)N)C(=O)NC(C(C)C)C(=O)NC(C(C)O)C(=O)NCC(=O)NC(CCC(=O)O)C(=O)NCC(=O)NC(C(C)O)C(=O)N5CCCC5C(=O)NC(CCCCN)C(=O)N6CCCC6C(=O)NC(CCC(=O)N)C(=O)NC(CO)C(=O)NC(CC7=CNC=N7)C(=O)NC(CC(=O)N)C(=O)NC(CC(=O)O)C(=O)NCC(=O)NC(CC(=O)O)C(=O)NC(CC8=CC=CC=C8)C(=O)NC(CCC(=O)O)C(=O)NC(CCC(=O)O)C(=O)NC(C(C)CC)C(=O)N9CCCC9C(=O)NC(CCC(=O)O)C(=O)NC(CCC(=O)O)C(=O)NC(CC1=CC=C(C=C1)O)C(=O)NC(CC(C)C)C(=O)NC(CCC(=O)N)C(=O)O)CCC(=O)N)CC(=O)N)CCCCN)CCC(=O)O)CC(=O)O)CO)CC(C)C,1998
DB00006,Bivalirudin,Direct thrombin inhibitors,CC[C@H](C)[C@H](NC(=O)[C@H](CCC(O)=O)NC(=O)[C@H](CCC(O)=O)NC(=O)[C@H](CC1=CC=CC=C1)NC(=O)[C@H](CC(O)=O)NC(=O)CNC(=O)[C@H](CC(N)=O)NC(=O)CNC(=O)CNC(=O)CNC(=O)CNC(=O)[C@@H]1CCCN1C(=O)[C@H](CCCNC(N)=N)NC(=O)[C@@H]1CCCN1C(=O)[C@H](N)CC1=CC=CC=C1)C(=O)N1CCC[C@H]1C(=O)N[C@@H](CCC(O)=O)C(=O)N[C@@H](CCC(O)=O)C(=O)N[C@@H](CC1=CC=C(O)C=C1)C(=O)N[C@@H](CC(C)C)C(O)=O,2000
DB00007,Leuprorelin,Gonadotropin releasing hormone analogues,CCNC(=O)[C@@H]1CCCN1C(=O)[C@H](CCCNC(N)=N)NC(=O)[C@H](CC(C)C)NC(=O)[C@@H](CC(C)C)NC(=O)[C@H](CC1=CC=C(O)C=C1)NC(=O)[C@H](CO)NC(=O)[C@H](CC1=CNC2=C1C=CC=C2)NC(=O)[C@H](CC1=CNC=N1)NC(=O)[C@@H]1CCC(=O)N1,1985
DB00014,Goserelin,Gonadotropin releasing hormone analogues,CC(C)C[C@H](NC(=O)[C@@H](COC(C)(C)C)NC(=O)[C@H](CC1=CC=C(O)C=C1)NC(=O)[C@H](CO)NC(=O)[C@H](CC1=CNC2=CC=CC=C12)NC(=O)[C@H](CC1=CN=CN1)NC(=O)[C@@H]1CCC(=O)N1)C(=O)N[C@@H](CCCN=C(N)N)C(=O)N1CCC[C@H]1C(=O)NNC(N)=O,1989
DB00035,desmopressin,Vasopressin and analogues,NC(=O)CC[C@@H]1NC(=O)[C@H](CC2=CC=CC=C2)NC(=O)[C@H](CC2=CC=C(O)C=C2)NC(=O)CCSSC[C@H](NC(=O)[C@H](CC(N)=O)NC1=O)C(=O)N1CCC[C@H]1C(=O)N[C@H](CCCNC(N)=N)C(=O)NCC(N)=O,1978
DB00050,cetrorelix,Anti-gonadotropin-releasing hormones,CC(C)C[C@H](NC(=O)[C@@H](CCCNC(N)=O)NC(=O)[C@H](CC1=CC=C(O)C=C1)NC(=O)[C@H](CO)NC(=O)[C@@H](CC1=CN=CC=C1)NC(=O)[C@@H](CC1=CC=C(Cl)C=C1)NC(=O)[C@@H](CC1=CC2=CC=CC=C2C=C1)NC(C)=O)C(=O)N[C@@H](CCCNC(N)=N)C(=O)N1CCC[C@H]1C(=O)N[C@H](C)C(N)=O,1999
DB00063,Eptifibatide,Platelet aggregation inhibitors excl. heparin,C1CC2C(=O)NC(CSSCCC(=O)NC(C(=O)NCC(=O)NC(C(=O)NC(C(=O)N2C1)CC3=CNC4=CC=CC=C43)CC(=O)O)CCCCN=C(N)N)C(=O)N,1998
DB00080,LY146032,Other antibacterials,CCCCCCCCCC(=O)N[C@@H](CC1=CNC2=C1C=CC=C2)C(=O)N[C@H](CC(N)=O)C(=O)N[C@@H](CC(O)=O)C(=O)N[C@H]1[C@@H](C)OC(=O)[C@H](CC(=O)C2=CC=CC=C2N)NC(=O)[C@@H](NC(=O)[C@@H](CO)NC(=O)CNC(=O)[C@H](CC(O)=O)NC(=O)[C@@H](C)NC(=O)[C@H](CC(O)=O)NC(=O)[C@H](CCCN)NC(=O)CNC1=O)[C@H](C)CC(O)=O,2003
DB00106,Abarelix,Other hormone antagonists and related agents,CC(C)C[C@H](NC(=O)[C@@H](CC(N)=O)NC(=O)[C@H](CC1=CC=C(O)C=C1)N(C)C(=O)[C@H](CO)NC(=O)[C@@H](CC1=CN=CC=C1)NC(=O)[C@@H](CC1=CC=C(Cl)C=C1)NC(=O)[C@@H](CC1=CC2=C(C=CC=C2)C=C1)NC(C)=O)C(=O)N[C@@H](CCCCNC(C)C)C(=O)N1CCC[C@H]1C(=O)N[C@H](C)C(N)=O,2003
DB00107,oxytocin,"Ergot alkaloids and oxytocin incl. analogues, in combination",CCC(C)C1C(=O)NC(C(=O)NC(C(=O)NC(CSSCC(C(=O)NC(C(=O)N1)CC2=CC=C(C=C2)O)N)C(=O)N3CCCC3C(=O)NC(CC(C)C)C(=O)NCC(=O)N)CC(=O)N)CCC(=O)N,1980
DB00175,pravastatin,HMG CoA reductase inhibitors,[H][C@]12[C@H](C[C@H](O)C=C1C=C[C@H](C)[C@@H]2CC[C@@H](O)C[C@@H](O)CC(O)=O)OC(=O)[C@@H](C)CC,1991
DB00176,fluvoxamine,Selective serotonin reuptake inhibitors,COCCCC\C(=N/OCCN)C1=CC=C(C=C1)C(F)(F)F,1994
DB00177,valsartan,Angiotensin II receptor blockers (ARBs) and calcium channel blockers,CCCCC(=O)N(CC1=CC=C(C=C1)C1=CC=CC=C1C1=NNN=N1)[C@@H](C(C)C)C(O)=O,2012
DB00178,ramipril,ACE inhibitors and calcium channel blockers,[H][C@@]12CCC[C@]1([H])N([C@@H](C2)C(O)=O)C(=O)[C@H](C)N[C@@H](CCC1=CC=CC=C1)C(=O)OCC,1991
DB00180,flunisolide,Corticosteroids,[H][C@@]12C[C@@]3([H])[C@]4([H])C[C@H](F)C5=CC(=O)C=C[C@]5(C)[C@@]4([H])[C@@H](O)C[C@]3(C)[C@@]1(OC(C)(C)O2)C(=O)CO,1984
DB00182,amphetamine,Centrally acting sympathomimetics,CC(N)CC1=CC=CC=C1,1976
DB00184,nicotine,Drugs used in nicotine dependence,CN1CCC[C@H]1C1=CN=CC=C1,1984
DB00185,cevimeline,Other parasympathomimetics,CC1O[C@@]2(CS1)CN1CCC2CC1,2000
DB00186,lorazepam,Benzodiazepine derivatives,OC1N=C(C2=CC=CC=C2Cl)C2=C(NC1=O)C=CC(Cl)=C2,1977
DB00187,esmolol,"Beta blocking agents, selective",COC(=O)CCC1=CC=C(OCC(O)CNC(C)C)C=C1,1986
DB00188,bortezomib,Other antineoplastic agents,CC(C)C[C@H](NC(=O)[C@H](CC1=CC=CC=C1)NC(=O)C1=CN=CC=N1)B(O)O,2003
DB00193,tramadol,Opioids in combination with non-opioid analgesics,COC1=CC=CC(=C1)[C@@]1(O)CCCC[C@@H]1CN(C)C,1995
DB00195,betaxolol,Beta blocking agents,CC(C)NCC(O)COC1=CC=C(CCOCC2CC2)C=C1,1985
DB00197,troglitazone,Thiazolidinediones,CC1=C(C)C2=C(CCC(C)(COC3=CC=C(CC4SC(=O)NC4=O)C=C3)O2)C(C)=C1O,1997
DB00198,oseltamivir,Neuraminidase inhibitors,CCOC(=O)C1=C[C@@H](OC(CC)CC)[C@H](NC(C)=O)[C@@H](N)C1,1999
DB00201,caffeine,Tests for gastric secretion,CN1C=NC2=C1C(=O)N(C)C(=O)N2C,1999
DB00203,sildenafil,Drugs used in erectile dysfunction,CCCC1=NN(C)C2=C1N=C(NC2=O)C1=CC(=CC=C1OCC)S(=O)(=O)N1CCN(C)CC1,1998
DB00204,dofetilide,"Antiarrhythmics, class III",CN(CCOC1=CC=C(NS(C)(=O)=O)C=C1)CCC1=CC=C(NS(C)(=O)=O)C=C1,1999
DB00207,azithromycin,Antibiotics,CC[C@H]1OC(=O)[C@H](C)[C@@H](O[C@H]2C[C@@](C)(OC)[C@@H](O)[C@H](C)O2)[C@H](C)[C@@H](O[C@@H]2O[C@H](C)C[C@@H]([C@H]2O)N(C)C)[C@](C)(O)C[C@@H](C)CN(C)[C@H](C)[C@@H](O)[C@]1(C)O,1991
DB00209,trospium,Drugs for urinary frequency and incontinence,[H][C@]12CC[C@]([H])(C[C@@H](C1)OC(=O)C(O)(C1=CC=CC=C1)C1=CC=CC=C1)[N+]21CCCC1,2004
DB00210,adapalene,Retinoids for topical use in acne,COC1=C(C=C(C=C1)C1=CC2=C(C=C1)C=C(C=C2)C(O)=O)C12CC3CC(CC(C3)C1)C2,1996
DB00211,midodrine,Adrenergic and dopaminergic agents,COC1=CC(C(O)CNC(=O)CN)=C(OC)C=C1,1996
DB00213,pantoprazole,Combinations for eradication of Helicobacter pylori,COC1=C(OC)C(CS(=O)C2=NC3=C(N2)C=C(OC(F)F)C=C3)=NC=C1,2000
DB00214,torasemide,Sulfonamides,CC(C)NC(=O)NS(=O)(=O)C1=C(NC2=CC=CC(C)=C2)C=CN=C1,1993
DB00215,citalopram,Selective serotonin reuptake inhibitors,CN(C)CCCC1(OCC2=C1C=CC(=C2)C#N)C1=CC=C(F)C=C1,1998
DB00216,eletriptan,Selective serotonin (5HT1) agonists,CN1CCC[C@@H]1CC1=CNC2=C1C=C(CCS(=O)(=O)C1=CC=CC=C1)C=C2,2002
DB00218,moxifloxacin,Fluoroquinolones,[H][C@]12CN(C[C@@]1([H])NCCC2)C1=C(F)C=C2C(=O)C(=CN(C3CC3)C2=C1OC)C(O)=O,1999
DB00220,nelfinavir,Protease inhibitors,[H][C@@]12CCCC[C@]1([H])CN(C[C@@H](O)[C@H](CSC1=CC=CC=C1)NC(=O)C1=C(C)C(O)=CC=C1)[C@@H](C2)C(=O)NC(C)(C)C,1997
DB00222,glimepiride,Combinations of oral blood glucose lowering drugs,CCC1=C(C)CN(C(=O)NCCC2=CC=C(C=C2)S(=O)(=O)NC(=O)N[C@H]2CC[C@H](C)CC2)C1=O,1995
DB00224,indinavir,Protease inhibitors,CC(C)(C)NC(=O)[C@@H]1CN(CC2=CN=CC=C2)CCN1C[C@@H](O)C[C@@H](CC1=CC=CC=C1)C(=O)N[C@@H]1[C@H](O)CC2=CC=CC=C12,1996
DB00227,lovastatin,HMG CoA reductase inhibitors,[H][C@]12[C@H](C[C@@H](C)C=C1C=C[C@H](C)[C@@H]2CC[C@@H]1C[C@@H](O)CC(=O)O1)OC(=O)[C@@H](C)CC,1987
DB00230,pregabalin,Other antiepileptics,CC(C)C[C@H](CN)CC(O)=O,2004
DB00231,temazepam,Benzodiazepine derivatives,CN1C2=C(C=C(Cl)C=C2)C(=NC(O)C1=O)C1=CC=CC=C1,1981
DB00235,milrinone,Phosphodiesterase inhibitors,CC1=C(C=C(C#N)C(=O)N1)C1=CC=NC=C1,1987
DB00238,nevirapine,"Antivirals for treatment of HIV infections, combinations",CC1=C2NC(=O)C3=C(N=CC=C3)N(C3CC3)C2=NC=C1,1996
DB00242,cladribine,Purine analogues,NC1=C2N=CN([C@H]3C[C@H](O)[C@@H](CO)O3)C2=NC(Cl)=N1,1993
DB00243,ranolazine,Other cardiac preparations,COC1=CC=CC=C1OCC(O)CN1CCN(CC(=O)NC2=C(C)C=CC=C2C)CC1,2006
DB00246,ziprasidone,Indole derivatives,ClC1=C(CCN2CCN(CC2)C2=NSC3=CC=CC=C23)C=C2CC(=O)NC2=C1,2001
DB00248,cabergoline,Dopamine agonists,[H][C@@]12CC3=CNC4=CC=CC(=C34)[C@@]1([H])C[C@H](CN2CC=C)C(=O)N(CCCN(C)C)C(=O)NCC,1996
DB00250,dapsone,Drugs for treatment of lepra,NC1=CC=C(C=C1)S(=O)(=O)C1=CC=C(N)C=C1,1979
DB00252,phenytoin,Hydantoin derivatives,O=C1NC(=O)C(N1)(C1=CC=CC=C1)C1=CC=CC=C1,1953
DB00254,doxycycline,Antiinfectives and antiseptics for local oral treatment,[H][C@@]12[C@@H](C)C3=CC=CC(O)=C3C(=O)C1=C(O)[C@]1(O)C(=O)C(C(N)=O)=C(O)[C@@H](N(C)C)[C@]1([H])[C@H]2O,1967
DB00256,lymecycline,Tetracyclines,[H][C@@]12C[C@@]3([H])C(C(=O)C4=C(O)C=CC=C4[C@@]3(C)O)=C(O)[C@]1(O)C(=O)C(C(=O)NCNCCCC[C@H](N)C(O)=O)=C(O)[C@H]2N(C)C,1995
DB00261,anagrelide,Other antineoplastic agents,ClC1=CC=C2N=C3NC(=O)CN3CC2=C1Cl,1997
DB00264,metoprolol,Beta blocking agents and calcium channel blockers,COCCC1=CC=C(OCC(O)CNC(C)C)C=C1,1978
DB00268,ropinirole,Dopamine agonists,CCCN(CCC)CCC1=C2CC(=O)NC2=CC=C1,1997
DB00273,topiramate,Other antiepileptics,[H][C@@]12CO[C@@]3(COS(N)(=O)=O)OC(C)(C)O[C@@]3([H])[C@]1([H])OC(C)(C)O2,1996
DB00275,olmesartan,Angiotensin II receptor blockers (ARBs) and calcium channel blockers,CCCC1=NC(=C(N1CC1=CC=C(C=C1)C1=C(C=CC=C1)C1=NN=NN1)C(O)=O)C(C)(C)O,2002
DB00277,theophylline,Xanthines,CN1C2=C(NC=N2)C(=O)N(C)C1=O,1976
DB00278,argatroban,Direct thrombin inhibitors,C[C@@H]1CCN([C@H](C1)C(O)=O)C(=O)[C@H](CCCNC(N)=N)NS(=O)(=O)C1=CC=CC2=C1NCC(C)C2,2000
DB00279,triiodothyronine,Thyroid hormones,N[C@@H](CC1=CC(I)=C(OC2=CC(I)=C(O)C=C2)C(I)=C1)C(O)=O,1956
DB00280,disopyramide,"Antiarrhythmics, class Ia",CC(C)N(CCC(C(N)=O)(C1=CC=CC=C1)C1=NC=CC=C1)C(C)C,1977
DB00281,lidocaine,Amides,CCN(CC)CC(=O)NC1=C(C)C=CC=C1C,1948
DB00282,pamidronate,Bisphosphonates,NCCC(O)(P(O)(O)=O)P(O)(O)=O,1991
DB00284,acarbose,Alpha glucosidase inhibitors,[H]C(=O)[C@H](O)[C@@H](O)[C@]([H])(O[C@@]1([H])O[C@H](CO)[C@@]([H])(O[C@H]2O[C@H](C)[C@@H](N[C@@]3([H])C=C(CO)[C@@H](O)[C@H](O)[C@H]3O)[C@H](O)[C@H]2O)[C@H](O)[C@H]1O)[C@H](O)CO,2007
DB00285,venlafaxine,Other antidepressants,COC1=CC=C(C=C1)C(CN(C)C)C1(O)CCCCC1,1993
DB00287,travoprost,Prostaglandin analogues,CC(C)OC(=O)CCC\C=C/C[C@H]1[C@@H](O)C[C@@H](O)[C@@H]1\C=C\[C@@H](O)COC1=CC=CC(=C1)C(F)(F)F,2001
DB00289,atomoxetine,Centrally acting sympathomimetics,CNCC[C@@H](OC1=CC=CC=C1C)C1=CC=CC=C1,2002
DB00291,chlorambucil,Nitrogen mustard analogues,OC(=O)CCCC1=CC=C(C=C1)N(CCCl)CCCl,1957
DB00293,raltitrexed,Folic acid analogues,CN(CC1=CC2=C(NC(C)=NC2=O)C=C1)C1=CC=C(S1)C(=O)N[C@@H](CCC(O)=O)C(O)=O,2009
DB00294,Implanon,Progestogens,[H][C@@]12CC[C@@](O)(C#C)[C@@]1(CC)CC(=C)[C@]1([H])[C@@]3([H])CCC(=O)C=C3CC[C@@]21[H],2006
DB00295,morphine,Antipropulsives,[H][C@@]12OC3=C(O)C=CC4=C3[C@@]11CCN(C)[C@]([H])(C4)[C@]1([H])C=C[C@@H]2O,1984
DB00296,ropivacaine,Amides,CCCN1CCCC[C@H]1C(=O)NC1=C(C)C=CC=C1C,1996
DB00297,bupivacaine,Amides,CCCCN1CCCCC1C(=O)NC1=C(C)C=CC=C1C,1972
DB00302,tranexamic,Amino acids,NC[C@H]1CC[C@@H](CC1)C(O)=O,1986
DB00303,ertapenem,Carbapenems,[H][C@]12[C@@H](C)C(S[C@]3([H])CN[C@@]([H])(C3)C(=O)NC3=CC=CC(=C3)C(O)=O)=C(N1C(=O)[C@]2([H])[C@@H](C)O)C(O)=O,2001
DB00305,mitomycin,Other cytotoxic antibiotics,[H][C@]12CN3C4=C([C@@H](COC(N)=O)[C@@]3(OC)[C@@]1([H])N2)C(=O)C(N)=C(C)C4=O,1981
DB00307,bexarotene,Other antineoplastic agents,CC1=CC2=C(C=C1C(=C)C1=CC=C(C=C1)C(O)=O)C(C)(C)CCC2(C)C,1999
DB00308,ibutilide,"Antiarrhythmics, class III",CCCCCCCN(CC)CCCC(O)C1=CC=C(NS(C)(=O)=O)C=C1,1995
DB00310,chlorthalidone,Low-ceiling diuretics and potassium-sparing agents,NS(=O)(=O)C1=C(Cl)C=CC(=C1)C1(O)NC(=O)C2=CC=CC=C12,1960
DB00313,valproate,Fatty acid derivatives,CCCC(CCC)C(O)=O,1978
DB00315,zolmitriptan,Selective serotonin (5HT1) agonists,CN(C)CCC1=CNC2=CC=C(C[C@H]3COC(=O)N3)C=C12,1997
DB00316,acetaminophen,Anilides,CC(=O)NC1=CC=C(O)C=C1,1968
DB00317,gefitinib,Protein kinase inhibitors,COC1=C(OCCCN2CCOCC2)C=C2C(NC3=CC(Cl)=C(F)C=C3)=NC=NC2=C1,2003
DB00319,piperacillin,"Combinations of penicillins, incl. beta-lactamase inhibitors",[H][C@]12SC(C)(C)[C@@H](N1C(=O)[C@H]2NC(=O)[C@H](NC(=O)N1CCN(CC)C(=O)C1=O)C1=CC=CC=C1)C(O)=O,1981
DB00320,dihydroergotamine,Ergot alkaloids,[H][C@@]12CCCN1C(=O)[C@H](CC1=CC=CC=C1)N1C(=O)[C@](C)(NC(=O)[C@H]3CN(C)[C@]4([H])CC5=CNC6=CC=CC(=C56)[C@@]4([H])C3)O[C@@]21O,1997
DB00321,amitriptyline,Antidepressants in combination with psycholeptics,CN(C)CCC=C1C2=CC=CC=C2CCC2=CC=CC=C12,1961
DB00323,tolcapone,Other dopaminergic agents,CC1=CC=C(C=C1)C(=O)C1=CC(=C(O)C(O)=C1)[N+]([O-])=O,1997
DB00324,fluorometholone,Corticosteroids,[H][C@@]12CC[C@](O)(C(C)=O)[C@@]1(C)C[C@H](O)[C@@]1(F)[C@@]2([H])C[C@H](C)C2=CC(=O)C=C[C@]12C,1972
DB00327,hydromorphone,Natural opium alkaloids,[H][C@@]12OC3=C(O)C=CC4=C3[C@@]11CCN(C)[C@]([H])(C4)[C@]1([H])CCC2=O,1984
DB00328,indomethacin,Acetic acid derivatives and related substances,COC1=CC2=C(C=C1)N(C(=O)C1=CC=C(Cl)C=C1)C(C)=C2CC(O)=O,1965
DB00331,metformin,Biguanides,CN(C)C(=N)NC(N)=N,1995
DB00332,ipratropium,Adrenergics in combination with anticholinergics incl. triple combinations with corticosteroids,[H][C@]12CC[C@]([H])(C[C@@H](C1)OC(=O)C(CO)C1=CC=CC=C1)[N+]2(C)C(C)C,1986
DB00334,olanzapine,"Diazepines, oxazepines, thiazepines and oxepines",CN1CCN(CC1)C1=NC2=CC=CC=C2NC2=C1C=C(C)S2,1996
DB00335,atenolol,Beta blocking agents and calcium channel blockers,CC(C)NCC(O)COC1=CC=C(CC(N)=O)C=C1,1981
DB00337,pimecrolimus,"Agents for dermatitis, excluding corticosteroids",[H][C@]1(CC[C@H](Cl)[C@@H](C1)OC)\C=C(/C)[C@@]1([H])OC(=O)[C@]2([H])CCCCN2C(=O)C(=O)[C@]2(O)O[C@@]([H])([C@H](C[C@H]2C)OC)[C@H](C[C@@H](C)C\C(C)=C\[C@@H](CC)C(=O)C[C@H](O)[C@H]1C)OC,2001
DB00338,omeprazole,Combinations for eradication of Helicobacter pylori,COC1=CC2=C(C=C1)N=C(N2)S(=O)CC1=NC=C(C)C(OC)=C1C,1989
DB00341,cetirizine,Piperazine derivatives,OC(=O)COCCN1CCN(CC1)C(C1=CC=CC=C1)C1=CC=C(Cl)C=C1,1995
DB00343,diltiazem,Benzothiazepine derivatives,COC1=CC=C(C=C1)[C@@H]1SC2=C(C=CC=C2)N(CCN(C)C)C(=O)[C@@H]1OC(C)=O,1982
DB00346,alfuzosin,Alpha-adrenoreceptor antagonists,COC1=CC2=C(C=C1OC)C(N)=NC(=N2)N(C)CCCNC(=O)C1CCCO1,2003
DB00349,clobazam,Benzodiazepine derivatives,CN1C2=C(C=C(Cl)C=C2)N(C2=CC=CC=C2)C(=O)CC1=O,2011
DB00351,megestrol,Pregnadien derivatives,[H][C@@]12CC[C@](OC(C)=O)(C(C)=O)[C@@]1(C)CC[C@@]1([H])[C@@]2([H])C=C(C)C2=CC(=O)CC[C@]12C,1971
DB00353,methylergometrine,Ergot alkaloids,[H][C@@]12CC3=CNC4=CC=CC(=C34)C1=C[C@H](CN2C)C(=O)N[C@@H](CC)CO,1946
DB00355,aztreonam,Monobactams,C[C@H]1[C@H](NC(=O)C(=N/OC(C)(C)C(=O)O)\C2=CSC([NH3+])=N2)C(=O)N1S([O-])(=O)=O,1986
DB00358,mefloquine,"Artemisinin and derivatives, combinations",OC(C1CCCCN1)C1=CC(=NC2=C1C=CC=C2C(F)(F)F)C(F)(F)F,1989
DB00360,tetrahydrobiopterin,Various alimentary tract and metabolism products,[H][C@@]1(CNC2=C(N1)C(=O)NC(N)=N2)[C@@H](O)[C@H](C)O,2007
DB00361,vinorelbine,Vinca alkaloids and analogues,[H][C@@]12N(C)C3=CC(OC)=C(C=C3[C@@]11CCN3CC=C[C@](CC)([C@@]13[H])[C@@]([H])(OC(C)=O)[C@]2(O)C(=O)OC)[C@]1(C[C@@]2([H])CN(CC(CC)=C2)CC2=C1NC1=CC=CC=C21)C(=O)OC,1994
DB00363,clozapine,"Diazepines, oxazepines, thiazepines and oxepines",CN1CCN(CC1)C1=NC2=CC(Cl)=CC=C2NC2=CC=CC=C12,1989
DB00367,levonorgestrel,Emergency contraceptives,[H][C@@]12CC[C@@](O)(C#C)[C@@]1(CC)CC[C@]1([H])[C@@]3([H])CCC(=O)C=C3CC[C@@]21[H],1990
DB00369,cidofovir,Nucleosides and nucleotides excl. reverse transcriptase inhibitors,NC1=NC(=O)N(C[C@@H](CO)OCP(O)(O)=O)C=C1,2021
DB00370,mirtazapine,Other antidepressants,CN1CCN2C(C1)C1=CC=CC=C1CC1=C2N=CC=C1,1996
DB00373,timolol,Beta blocking agents,[H][C@](O)(CNC(C)(C)C)COC1=NSN=C1N1CCOCC1,1981
DB00374,treprostinil,Platelet aggregation inhibitors excl. heparin,[H][C@]12C[C@@H](O)[C@H](CC[C@@H](O)CCCCC)[C@@]1([H])CC1=C(C2)C(OCC(O)=O)=CC=C1,2002
DB00377,palonosetron,Serotonin (5HT3) antagonists,[H][C@]12CCCC3=C1C(=CC=C3)C(=O)N(C2)[C@@H]1CN2CCC1CC2,2003
DB00379,mexiletine,"Antiarrhythmics, class Ib",CC(N)COC1=C(C)C=CC=C1C,1985
DB00380,dexrazoxane,Detoxifying agents for antineoplastic treatment,C[C@@H](CN1CC(=O)NC(=O)C1)N1CC(=O)NC(=O)C1,1995
DB00381,amlodipine,ACE inhibitors and calcium channel blockers,CCOC(=O)C1=C(COCCN)NC(C)=C(C1C1=CC=CC=C1Cl)C(=O)OC,1992
DB00390,digoxin,Digitalis glycosides,[H][C@]12CC[C@]3([H])[C@]([H])(C[C@@H](O)[C@]4(C)[C@H](CC[C@]34O)C3=CC(=O)OC3)[C@@]1(C)CC[C@@H](C2)O[C@H]1C[C@H](O)[C@H](O[C@H]2C[C@H](O)[C@H](O[C@H]3C[C@H](O)[C@H](O)[C@@H](C)O3)[C@@H](C)O2)[C@@H](C)O1,1975
DB00393,nimodipine,Dihydropyridine derivatives,COCCOC(=O)C1=C(C)NC(C)=C(C1C1=CC(=CC=C1)[N+]([O-])=O)C(=O)OC(C)C,1988
DB00395,carisoprodol,Carbamic acid esters,CCCC(C)(COC(N)=O)COC(=O)NC(C)C,1959
DB00396,progesterone,Pregnen (4) derivatives,[H][C@@]12CC[C@H](C(C)=O)[C@@]1(C)CC[C@@]1([H])[C@@]2([H])CCC2=CC(=O)CC[C@]12C,1959
DB00398,sorafenib,Protein kinase inhibitors,CNC(=O)C1=NC=CC(OC2=CC=C(NC(=O)NC3=CC(=C(Cl)C=C3)C(F)(F)F)C=C2)=C1,2005
DB00399,zoledronic,Bisphosphonates,OC(CN1C=CN=C1)(P(O)(O)=O)P(O)(O)=O,2001
DB00401,nisoldipine,Dihydropyridine derivatives,COC(=O)C1=C(C)NC(C)=C(C1C1=CC=CC=C1[N+]([O-])=O)C(=O)OCC(C)C,1995
DB00404,alprazolam,Benzodiazepine derivatives,CC1=NN=C2CN=C(C3=CC=CC=C3)C3=C(C=CC(Cl)=C3)N12,1981
DB00408,loxapine,"Diazepines, oxazepines, thiazepines and oxepines",CN1CCN(CC1)C1=NC2=CC=CC=C2OC2=C1C=C(Cl)C=C2,1975
DB00410,mupirocin,Other antibiotics for topical use,C[C@H](O)[C@H](C)[C@@H]1O[C@H]1C[C@H]1CO[C@@H](C\C(C)=C\C(=O)OCCCCCCCCC(O)=O)[C@H](O)[C@@H]1O,1987
DB00412,rosiglitazone,Combinations of oral blood glucose lowering drugs,CN(CCOC1=CC=C(CC2SC(=O)NC2=O)C=C1)C1=CC=CC=N1,1999
DB00413,pramipexole,Dopamine agonists,CCCN[C@H]1CCC2=C(C1)SC(N)=N2,1997
DB00419,miglustat,Various alimentary tract and metabolism products,CCCCN1C[C@H](O)[C@@H](O)[C@H](O)[C@H]1CO,2002
DB00422,methylphenidate,Centrally acting sympathomimetics,COC(=O)C(C1CCCCN1)C1=CC=CC=C1,1955
DB00425,zolpidem,Benzodiazepine related drugs,CN(C)C(=O)CC1=C(N=C2C=CC(C)=CN12)C1=CC=C(C)C=C1,1992
DB00426,famciclovir,Antivirals,CC(=O)OCC(CCN1C=NC2=CN=C(N)N=C12)COC(C)=O,1994
DB00432,trifluorothymidine,Antivirals,OC[C@H]1O[C@H](C[C@@H]1O)N1C=C(C(=O)NC1=O)C(F)(F)F,2015
DB00435,nitric,Other respiratory system products,[N]=O,1999
DB00437,allopurinol,Preparations inhibiting uric acid production,OC1=NC=NC2=C1C=NN2,1966
DB00438,ceftazidime,Third-generation cephalosporins,[O-]C(=O)C1=C(CS[C@]2([H])[C@H](NC(=O)C(=N/OC(C)(C)C(O)=O)\C3=CSC(N)=N3)C(=O)N12)C[N+]1=CC=CC=C1,1983
DB00439,cerivastatin,HMG CoA reductase inhibitors,COCC1=C(C2=CC=C(F)C=C2)C(\C=C\[C@@H](O)C[C@@H](O)CC(O)=O)=C(C(C)C)N=C1C(C)C,1997
DB00440,trimethoprim,Combinations of drugs for treatment of tuberculosis,COC1=CC(CC2=CN=C(N)N=C2N)=CC(OC)=C1OC,1980
DB00441,gemcitabine,Pyrimidine analogues,NC1=NC(=O)N(C=C1)[C@@H]1O[C@H](CO)[C@@H](O)C1(F)F,1996
DB00443,betamethasone,Corticosteroids,[H][C@@]12C[C@H](C)[C@](O)(C(=O)CO)[C@@]1(C)C[C@H](O)[C@@]1(F)[C@@]2([H])CCC2=CC(=O)C=C[C@]12C,1961
DB00444,teniposide,Podophyllotoxin derivatives,[H][C@]12COC(=O)[C@]1([H])[C@H](C1=CC(OC)=C(O)C(OC)=C1)C1=C(C=C3OCOC3=C1)[C@H]2O[C@]1([H])O[C@]2([H])CO[C@H](O[C@@]2([H])[C@H](O)[C@H]1O)C1=CC=CS1,1992
DB00448,lansoprazole,Combinations for eradication of Helicobacter pylori,CC1=C(OCC(F)(F)F)C=CN=C1CS(=O)C1=NC2=CC=CC=C2N1,1995
DB00455,loratadine,Other antihistamines for systemic use,CCOC(=O)N1CCC(CC1)=C1C2=C(CCC3=C1N=CC=C3)C=C(Cl)C=C2,1993
DB00457,prazosin,Alpha-adrenoreceptor antagonists,COC1=C(OC)C=C2C(N)=NC(=NC2=C1)N1CCN(CC1)C(=O)C1=CC=CO1,1976
DB00458,imipramine,Non-selective monoamine reuptake inhibitors,CN(C)CCCN1C2=CC=CC=C2CCC2=CC=CC=C12,1959
DB00459,acitretin,Retinoids for treatment of psoriasis,COC1=C(C)C(C)=C(\C=C\C(\C)=C\C=C\C(\C)=C\C(O)=O)C(C)=C1,1996
DB00461,nabumetone,"Other antiinflammatory and antirheumatic agents, non-steroids",COC1=CC2=C(C=C1)C=C(CCC(C)=O)C=C2,1991
DB00465,ketorolac,Acetic acid derivatives and related substances,OC(=O)C1CCN2C1=CC=C2C(=O)C1=CC=CC=C1,1989
DB00471,montelukast,Leukotriene receptor antagonists,OC(=O)CC1(CC1)CS[C@H](CCC1=CC=CC=C1C(O)(C)C)C1=CC=CC(\C=C\C2=NC3=C(C=CC(Cl)=C3)C=C2)=C1,1998
DB00472,fluoxetine,Antidepressants in combination with psycholeptics,CNCCC(OC1=CC=C(C=C1)C(F)(F)F)C1=CC=CC=C1,1987
DB00476,duloxetine,Other antidepressants,CNCC[C@H](OC1=CC=CC2=CC=CC=C12)C1=CC=CS1,2004
DB00480,lenalidomide,Other immunosuppressants,NC1=CC=CC2=C1CN(C1CCC(=O)NC1=O)C2=O,2005
DB00481,raloxifene,Selective estrogen receptor modulators,OC1=CC=C(C=C1)C1=C(C(=O)C2=CC=C(OCCN3CCCCC3)C=C2)C2=C(S1)C=C(O)C=C2,1997
DB00482,celecoxib,Coxibs,CC1=CC=C(C=C1)C1=CC(=NN1C1=CC=C(C=C1)S(N)(=O)=O)C(F)(F)F,1998
DB00484,brimonidine,Other dermatologicals,BrC1=C(NC2=NCCN2)C=CC2=NC=CN=C12,1996
DB00485,dicloxacillin,Beta-lactamase resistant penicillins,[H][C@]12SC(C)(C)[C@@H](N1C(=O)[C@H]2NC(=O)C1=C(C)ON=C1C1=C(Cl)C=CC=C1Cl)C(O)=O,1968
DB00486,nabilone,Other antiemetics,[H][C@@]12CC(=O)CC[C@@]1([H])C(C)(C)OC1=CC(=CC(O)=C21)C(C)(C)CCCCCC,1985
DB00489,sotalol,"Beta blocking agents, non-selective",CC(C)NCC(O)C1=CC=C(NS(C)(=O)=O)C=C1,1992
DB00490,buspirone,Azaspirodecanedione derivatives,O=C1CC2(CCCC2)CC(=O)N1CCCCN1CCN(CC1)C1=NC=CC=N1,1986
DB00491,miglitol,Alpha glucosidase inhibitors,OCCN1C[C@H](O)[C@@H](O)[C@H](O)[C@H]1CO,1996
DB00492,fosinopril,ACE inhibitors and diuretics,CCC(=O)O[C@@H](OP(=O)(CCCCC1=CC=CC=C1)CC(=O)N1C[C@@H](C[C@H]1C(O)=O)C1CCCCC1)C(C)C,1991
DB00493,cefotaxime,Third-generation cephalosporins,[H][C@]12SCC(COC(C)=O)=C(N1C(=O)[C@H]2NC(=O)C(=N/OC)\C1=CSC(N)=N1)C(O)=O,1981
DB00494,entacapone,Other dopaminergic agents,CCN(CC)C(=O)C(=C\C1=CC(=C(O)C(O)=C1)[N+]([O-])=O)\C#N,1999
DB00495,zidovudine,"Antivirals for treatment of HIV infections, combinations",CC1=CN([C@H]2C[C@H](N=[N+]=[N-])[C@@H](CO)O2)C(=O)NC1=O,1987
DB00496,darifenacin,Drugs for urinary frequency and incontinence,NC(=O)C([C@@H]1CCN(CCC2=CC3=C(OCC3)C=C2)C1)(C1=CC=CC=C1)C1=CC=CC=C1,2004
DB00497,oxycodone,Natural opium alkaloids,COC1=C2O[C@H]3C(=O)CC[C@@]4(O)[C@H]5CC(C=C1)=C2[C@@]34CCN5C,1998
DB00499,flutamide,Anti-androgens,CC(C)C(=O)NC1=CC(=C(C=C1)[N+]([O-])=O)C(F)(F)F,1989
DB00500,tolmetin,Acetic acid derivatives and related substances,CN1C(CC(O)=O)=CC=C1C(=O)C1=CC=C(C)C=C1,1976
DB00501,cimetidine,H2-receptor antagonists,CN\C(NCCSCC1=C(C)NC=N1)=N\C#N,1977
DB00502,haloperidol,Butyrophenone derivatives,OC1(CCN(CCCC(=O)C2=CC=C(F)C=C2)CC1)C1=CC=C(Cl)C=C1,1967
DB00503,ritonavir,Antivirals for treatment of HCV infections,CC(C)[C@H](NC(=O)N(C)CC1=CSC(=N1)C(C)C)C(=O)N[C@H](C[C@H](O)[C@H](CC1=CC=CC=C1)NC(=O)OCC1=CN=CS1)CC1=CC=CC=C1,1996
DB00512,Vancocine,Antibiotics,CN[C@H](CC(C)C)C(=O)N[C@@H]1[C@H](O)C2=CC=C(OC3=C(O[C@@H]4O[C@H](CO)[C@@H](O)[C@H](O)[C@H]4O[C@H]4C[C@](C)(N)[C@H](O)[C@H](C)O4)C4=CC(=C3)[C@@H](NC(=O)[C@H](CC(N)=O)NC1=O)C(=O)N[C@@H]1C3=CC(=C(O)C=C3)C3=C(O)C=C(O)C=C3[C@H](NC(=O)[C@@H](NC1=O)[C@H](O)C1=CC(Cl)=C(O4)C=C1)C(O)=O)C(Cl)=C2,1964
DB00514,dextromethorphan,Opium alkaloids and derivatives,[H][C@]12CCCC[C@]11CCN(C)[C@H]2CC2=C1C=C(OC)C=C2,1982
DB00519,trandolapril,ACE inhibitors and calcium channel blockers,[H][C@@]12C[C@H](N(C(=O)[C@H](C)N[C@@H](CCC3=CC=CC=C3)C(=O)OCC)[C@@]1([H])CCCC2)C(O)=O,1996
DB00524,metolazone,Low-ceiling diuretics and potassium-sparing agents,CC1NC2=CC(Cl)=C(C=C2C(=O)N1C1=CC=CC=C1C)S(N)(=O)=O,1973
DB00529,foscarnet,Phosphonic acid derivatives,OC(=O)P(O)(O)=O,1991
DB00530,erlotinib,Protein kinase inhibitors,COCCOC1=CC2=C(C=C1OCCOC)C(NC1=CC(=CC=C1)C#C)=NC=N2,2004
DB00531,cyclophosphamide,Nitrogen mustard analogues,ClCCN(CCCl)P1(=O)NCCCO1,1959
DB00533,rofecoxib,Coxibs,CS(=O)(=O)C1=CC=C(C=C1)C1=C(C(=O)OC1)C1=CC=CC=C1,1999
DB00535,cefdinir,Third-generation cephalosporins,[H][C@]12SCC(C=C)=C(N1C(=O)[C@H]2NC(=O)C(=N/O)\C1=CSC(N)=N1)C(O)=O,1997
DB00537,ciprofloxacin,Antiinfectives,OC(=O)C1=CN(C2CC2)C2=CC(N3CCNCC3)=C(F)C=C2C1=O,1987
DB00539,toremifene,Anti-estrogens,CN(C)CCOC1=CC=C(C=C1)C(=C(\CCCl)C1=CC=CC=C1)\C1=CC=CC=C1,1996
DB00540,nortriptyline,Non-selective monoamine reuptake inhibitors,CNCCC=C1C2=CC=CC=C2CCC2=CC=CC=C12,1964
DB00541,vincristine,Vinca alkaloids and analogues,[H][C@@]12N3CC[C@@]11C4=C(C=C(OC)C(=C4)[C@]4(C[C@H]5C[N@](C[C@](O)(CC)C5)CCC5=C4NC4=CC=CC=C54)C(=O)OC)N(C=O)[C@@]1([H])[C@](O)([C@H](OC(C)=O)[C@]2(CC)C=CC3)C(=O)OC,1963
DB00542,benazepril,ACE inhibitors and diuretics,[H][C@@]1(CCC2=CC=CC=C2N(CC(O)=O)C1=O)N[C@@H](CCC1=CC=CC=C1)C(=O)OCC,1991
DB00543,amoxapine,Non-selective monoamine reuptake inhibitors,ClC1=CC2=C(OC3=CC=CC=C3N=C2N2CCNCC2)C=C1,1980
DB00545,pyridostigmine,Anticholinesterases,CN(C)C(=O)OC1=C[N+](C)=CC=C1,1955
DB00547,desoximetasone,"Corticosteroids, potent (group III)",[H][C@@]12C[C@@H](C)[C@H](C(=O)CO)[C@@]1(C)C[C@H](O)[C@@]1(F)[C@@]2([H])CCC2=CC(=O)C=C[C@]12C,1977
DB00548,azelaic,Other anti-acne preparations for topical use,OC(=O)CCCCCCCC(O)=O,1995
DB00549,zafirlukast,Leukotriene receptor antagonists,COC1=CC(=CC=C1CC1=CN(C)C2=C1C=C(NC(=O)OC1CCCC1)C=C2)C(=O)NS(=O)(=O)C1=CC=CC=C1C,1996
DB00552,pentostatin,Other antineoplastic agents,OC[C@H]1O[C@H](C[C@@H]1O)N1C=NC2=C1N=CNC[C@H]2O,1991
DB00553,8-MOP,Psoralens for systemic use,COC1=C2OC(=O)C=CC2=CC2=C1OC=C2,1954
DB00554,piroxicam,"Antiinflammatory agents, non-steroids",CN1C(C(=O)NC2=NC=CC=C2)=C(O)C2=C(C=CC=C2)S1(=O)=O,1982
DB00555,lamotrigine,Other antiepileptics,NC1=NC(N)=C(N=N1)C1=C(Cl)C(Cl)=CC=C1,1994
DB00558,zanamivir,Neuraminidase inhibitors,[H][C@]1(OC(=C[C@H](N=C(N)N)[C@H]1NC(C)=O)C(O)=O)[C@H](O)[C@H](O)CO,1999
DB00559,bosentan,Antihypertensives for pulmonary arterial hypertension,COC1=CC=CC=C1OC1=C(NS(=O)(=O)C2=CC=C(C=C2)C(C)(C)C)N=C(N=C1OCCO)C1=NC=CC=N1,2001
DB00560,tigecycline,Tetracyclines,[H][C@@]12CC3=C(C(O)=C(NC(=O)CNC(C)(C)C)C=C3N(C)C)C(=O)C1=C(O)[C@]1(O)C(=O)C(C(N)=O)=C(O)[C@@H](N(C)C)[C@]1([H])C2,2005
DB00563,methotrexate,Folic acid analogues,CN(CC1=CN=C2N=C(N)N=C(N)C2=N1)C1=CC=C(C=C1)C(=O)N[C@@H](CCC(O)=O)C(O)=O,1953
DB00564,carbamazepine,Carboxamide derivatives,NC(=O)N1C2=CC=CC=C2C=CC2=CC=CC=C12,1968
DB00569,fondaparinux,Other antithrombotic agents,CO[C@H]1O[C@H](COS(O)(=O)=O)[C@@H](O[C@@H]2O[C@H]([C@@H](O[C@H]3O[C@H](COS(O)(=O)=O)[C@@H](O[C@@H]4O[C@@H]([C@@H](O[C@H]5O[C@H](COS(O)(=O)=O)[C@@H](O)[C@H](O)[C@H]5NS(O)(=O)=O)[C@H](O)[C@H]4O)C(O)=O)[C@H](OS(O)(=O)=O)[C@H]3NS(O)(=O)=O)[C@H](O)[C@H]2OS(O)(=O)=O)C(O)=O)[C@H](O)[C@H]1NS(O)(=O)=O,2001
DB00571,propranolol,"Beta blocking agents, non-selective",CC(C)NCC(O)COC1=CC=CC2=C1C=CC=C2,1967
DB00572,atropine,Anticholinergics,CN1[C@H]2CC[C@@H]1C[C@@H](C2)OC(=O)C(CO)C1=CC=CC=C1,1973
DB00573,fenoprofen,Propionic acid derivatives,CC(C(O)=O)C1=CC(OC2=CC=CC=C2)=CC=C1,1976
DB00575,clonidine,Imidazoline receptor agonists,ClC1=CC=CC(Cl)=C1NC1=NCCN1,1974
DB00580,valdecoxib,Coxibs,CC1=C(C(=NO1)C1=CC=CC=C1)C1=CC=C(C=C1)S(N)(=O)=O,2001
DB00585,nizatidine,H2-receptor antagonists,CNC(NCCSCC1=CSC(CN(C)C)=N1)=C[N+]([O-])=O,1988
DB00586,diclofenac,Acetic acid derivatives and related substances,OC(=O)CC1=CC=CC=C1NC1=C(Cl)C=CC=C1Cl,1988
DB00590,doxazosin,Alpha-adrenoreceptor antagonists,COC1=C(OC)C=C2C(N)=NC(=NC2=C1)N1CCN(CC1)C(=O)C1COC2=CC=CC=C2O1,1990
DB00594,amiloride,Other potassium-sparing agents,NC(=N)NC(=O)C1=NC(Cl)=C(N)N=C1N,1981
DB00598,labetalol,Alpha and beta blocking agents,CC(CCC1=CC=CC=C1)NCC(O)C1=CC(C(N)=O)=C(O)C=C1,1984
DB00601,linezolid,Other antibacterials,CC(=O)NC[C@H]1CN(C(=O)O1)C1=CC(F)=C(C=C1)N1CCOCC1,2000
DB00603,medroxyprogesterone,Pregnen (4) derivatives,[H][C@@]12CC[C@](OC(C)=O)(C(C)=O)[C@@]1(C)CC[C@@]1([H])[C@@]2([H])C[C@H](C)C2=CC(=O)CC[C@]12C,1959
DB00605,sulindac,Acetic acid derivatives and related substances,CC1=C(CC(O)=O)C2=CC(F)=CC=C2\C1=C/C1=CC=C(C=C1)S(C)=O,1978
DB00611,butorphanol,Morphinan derivatives,[H][C@@]12CC3=C(C=C(O)C=C3)[C@]3(CCCC[C@@]13O)CCN2CC1CCC1,1978
DB00612,bisoprolol,"ACE inhibitors, other combinations",CC(C)NCC(O)COC1=CC=C(COCCOC(C)C)C=C1,1992
DB00615,rifabutin,Antibiotics,CO[C@H]1\C=C\O[C@@]2(C)OC3=C(C2=O)C2=C(C(O)=C3C)C(=O)C(NC(=O)\C(C)=C/C=C/[C@H](C)[C@H](O)[C@@H](C)[C@@H](O)[C@@H](C)[C@H](OC(C)=O)[C@@H]1C)=C1NC3(CCN(CC3)CC(C)C)N=C21,1992
DB00619,imatinib,Protein kinase inhibitors,CN1CCN(CC2=CC=C(C=C2)C(=O)NC2=CC(NC3=NC=CC(=N3)C3=CN=CC=C3)=C(C)C=C2)CC1,2001
DB00620,triamcinolone,Corticosteroids,[H][C@@]12C[C@@H](O)[C@](O)(C(=O)CO)[C@@]1(C)C[C@H](O)[C@@]1(F)[C@@]2([H])CCC2=CC(=O)C=C[C@]12C,1957
DB00622,nicardipine,Dihydropyridine derivatives,COC(=O)C1=C(C)NC(C)=C(C1C1=CC(=CC=C1)[N+]([O-])=O)C(=O)OCCN(C)CC1=CC=CC=C1,1988
DB00625,efavirenz,"Antivirals for treatment of HIV infections, combinations",FC(F)(F)[C@]1(OC(=O)NC2=C1C=C(Cl)C=C2)C#CC1CC1,1998
DB00630,alendronate,Bisphosphonates,NCCCC(O)(P(O)(O)=O)P(O)(O)=O,1995
DB00631,clofarabine,Purine analogues,[H][C@]1(F)[C@H](O)[C@@H](CO)O[C@H]1N1C=NC2=C(N)N=C(Cl)N=C12,2004
DB00633,dexmedetomidine,Other hypnotics and sedatives,C[C@H](C1=CNC=N1)C1=C(C)C(C)=CC=C1,1999
DB00641,simvastatin,Dipeptidyl peptidase 4 (DPP-4) inhibitors,[H][C@]12[C@H](C[C@@H](C)C=C1C=C[C@H](C)[C@@H]2CC[C@@H]1C[C@@H](O)CC(=O)O1)OC(=O)C(C)(C)CC,1991
DB00642,pemetrexed,Folic acid analogues,NC1=NC(=O)C2=C(NC=C2CCC2=CC=C(C=C2)C(=O)N[C@@H](CCC(O)=O)C(O)=O)N1,2004
DB00648,mitotane,Other antineoplastic agents,ClC(Cl)C(C1=CC=C(Cl)C=C1)C1=CC=CC=C1Cl,1970
DB00649,stavudine,"Antivirals for treatment of HIV infections, combinations",CC1=CN([C@@H]2O[C@H](CO)C=C2)C(=O)NC1=O,1994
DB00654,latanoprost,Prostaglandin analogues,CC(C)OC(=O)CCC\C=C/C[C@H]1[C@@H](O)C[C@@H](O)[C@@H]1CC[C@@H](O)CCC1=CC=CC=C1,1996
DB00656,trazodone,Other antidepressants,ClC1=CC=CC(=C1)N1CCN(CCCN2N=C3C=CC=CN3C2=O)CC1,1981
DB00659,acamprosate,Drugs used in alcohol dependence,CC(=O)NCCCS(O)(=O)=O,2004
DB00661,verapamil,ACE inhibitors and calcium channel blockers,COC1=C(OC)C=C(CCN(C)CCCC(C#N)(C(C)C)C2=CC(OC)=C(OC)C=C2)C=C1,1981
DB00665,nilutamide,Anti-androgens,CC1(C)NC(=O)N(C1=O)C1=CC(=C(C=C1)[N+]([O-])=O)C(F)(F)F,1996
DB00666,Nafarelin,Gonadotropin-releasing hormones,CC(C)C[C@H](NC(=O)[C@@H](CC1=CC2=C(C=CC=C2)C=C1)NC(=O)[C@H](CC1=CC=C(O)C=C1)NC(=O)[C@H](CO)NC(=O)[C@H](CC1=CNC2=CC=CC=C12)NC(=O)[C@H](CC1=CNC=N1)NC(=O)[C@@H]1CCC(=O)N1)C(=O)N[C@@H](CCCNC(N)=N)C(=O)N1CCC[C@H]1C(=O)NCC(N)=O,1990
DB00669,sumatriptan,Selective serotonin (5HT1) agonists,CNS(=O)(=O)CC1=CC=C2NC=C(CCN(C)C)C2=C1,1992
DB00671,cefixime,Third-generation cephalosporins,[H][C@]12SCC(C=C)=C(N1C(=O)[C@H]2NC(=O)C(=N/OCC(O)=O)\C1=CSC(N)=N1)C(O)=O,1989
DB00673,aprepitant,Other antiemetics,C[C@@H](O[C@H]1OCCN(CC2=NNC(=O)N2)[C@H]1C1=CC=C(F)C=C1)C1=CC(=CC(=C1)C(F)(F)F)C(F)(F)F,2003
DB00674,galantamine,Anticholinesterases,[H][C@]12C[C@@H](O)C=C[C@]11CCN(C)CC3=C1C(O2)=C(OC)C=C3,2001
DB00675,tamoxifen,Anti-estrogens,CC\C(=C(/C1=CC=CC=C1)C1=CC=C(OCCN(C)C)C=C1)C1=CC=CC=C1,1977
DB00678,losartan,Angiotensin II receptor blockers (ARBs) and calcium channel blockers,CCCCC1=NC(Cl)=C(CO)N1CC1=CC=C(C=C1)C1=CC=CC=C1C1=NNN=N1,1995
DB00679,thioridazine,Phenothiazines with piperidine structure,CSC1=CC2=C(SC3=CC=CC=C3N2CCC2CCCCN2C)C=C1,1962
DB00683,midazolam,Benzodiazepine derivatives,CC1=NC=C2CN=C(C3=CC=CC=C3F)C3=C(C=CC(Cl)=C3)N12,2000
DB00684,tobramycin,Antibiotics,NC[C@H]1O[C@H](O[C@@H]2[C@@H](N)C[C@@H](N)[C@H](O[C@H]3O[C@H](CO)[C@@H](O)[C@H](N)[C@H]3O)[C@H]2O)[C@H](N)C[C@@H]1O,1975
DB00692,phentolamine,Antidotes,CC1=CC=C(C=C1)N(CC1=NCCN1)C1=CC(O)=CC=C1,1952
DB00695,furosemide,High-ceiling diuretics and potassium-sparing agents,NS(=O)(=O)C1=C(Cl)C=C(NCC2=CC=CO2)C(=C1)C(O)=O,1966
DB00697,tizanidine,Other centrally acting agents,ClC1=C(NC2=NCCN2)C2=NSN=C2C=C1,1996
DB00698,nitrofurantoin,Nitrofuran derivatives,[O-][N+](=O)C1=CC=C(O1)\C=N\N1CC(=O)NC1=O,1953
DB00700,eplerenone,Aldosterone antagonists,[H][C@@]12CC[C@@]3(CCC(=O)O3)[C@@]1(C)C[C@H]1O[C@@]11[C@@]2([H])[C@@H](CC2=CC(=O)CC[C@]12C)C(=O)OC,2002
DB00701,amprenavir,Protease inhibitors,CC(C)CN(C[C@@H](O)[C@H](CC1=CC=CC=C1)NC(=O)O[C@H]1CCOC1)S(=O)(=O)C1=CC=C(N)C=C1,1999
DB00704,naltrexone,Centrally acting antiobesity products,[H][C@@]12OC3=C(O)C=CC4=C3[C@@]11CCN(CC3CC3)[C@]([H])(C4)[C@]1(O)CCC2=O,1998
DB00705,delavirdine,Non-nucleoside reverse transcriptase inhibitors,CC(C)NC1=C(N=CC=C1)N1CCN(CC1)C(=O)C1=CC2=C(N1)C=CC(NS(C)(=O)=O)=C2,1997
DB00706,tamsulosin,Alpha-adrenoreceptor antagonists,CCOC1=CC=CC=C1OCCN[C@H](C)CC1=CC(=C(OC)C=C1)S(N)(=O)=O,1997
DB00708,sufentanil,Opioid anesthetics,CCC(=O)N(C1=CC=CC=C1)C1(COC)CCN(CCC2=CC=CS2)CC1,1984
DB00709,lamivudine,"Antivirals for treatment of HIV infections, combinations",NC1=NC(=O)N(C=C1)[C@@H]1CS[C@H](CO)O1,1995
DB00710,ibandronate,Bisphosphonates,CCCCCN(C)CCC(O)(P(O)(O)=O)P(O)(O)=O,1996
DB00715,paroxetine,Selective serotonin reuptake inhibitors,FC1=CC=C(C=C1)[C@@H]1CCNC[C@H]1COC1=CC2=C(OCO2)C=C1,1992
DB00716,nedocromil,"Antiallergic agents, excl. corticosteroids",CCCC1=C2N(CC)C(=CC(=O)C2=CC2=C1OC(=CC2=O)C(O)=O)C(O)=O,1992
DB00720,clodronate,Bisphosphonates,OP(O)(=O)C(Cl)(Cl)P(O)(O)=O,1999
DB00722,Lisinopril,ACE inhibitors and calcium channel blockers,NCCCC[C@H](N[C@@H](CCC1=CC=CC=C1)C(O)=O)C(=O)N1CCC[C@H]1C(O)=O,1987
DB00724,imiquimod,Antivirals,CC(C)CN1C=NC2=C1C1=C(C=CC=C1)N=C2N,1997
DB00727,nitroglycerin,Muscle relaxants,[O-][N+](=O)OCC(CO[N+]([O-])=O)O[N+]([O-])=O,1981
DB00728,rocuronium,Other quaternary ammonium compounds,[H][C@@]12C[C@@H]([C@H](OC(C)=O)[C@@]1(C)CC[C@@]1([H])[C@@]2([H])CC[C@@]2([H])C[C@H](O)[C@H](C[C@]12C)N1CCOCC1)[N+]1(CC=C)CCCC1,2008
DB00731,nateglinide,"Other blood glucose lowering drugs, excl. insulins",CC(C)[C@H]1CC[C@@H](CC1)C(=O)N[C@H](CC1=CC=CC=C1)C(O)=O,2000
DB00734,risperidone,Other antipsychotics,CC1=C(CCN2CCC(CC2)C2=NOC3=C2C=CC(F)=C3)C(=O)N2CCCCC2=N1,1993
DB00736,esomeprazole,Combinations for eradication of Helicobacter pylori,COC1=CC2=C(NC(=N2)[S@@](=O)CC2=NC=C(C)C(OC)=C2C)C=C1,2001
DB00740,riluzole,Other nervous system drugs,NC1=NC2=C(S1)C=C(OC(F)(F)F)C=C2,1995
DB00741,cortisol,Corticosteroids,[H][C@@]12CC[C@](O)(C(=O)CO)[C@@]1(C)C[C@H](O)[C@@]1([H])[C@@]2([H])CCC2=CC(=O)CC[C@]12C,1953
DB00745,modafinil,Centrally acting sympathomimetics,NC(=O)CS(=O)C(C1=CC=CC=C1)C1=CC=CC=C1,1998
DB00747,scopolamine,Anticholinergics,CN1[C@H]2C[C@@H](C[C@@H]1[C@H]1O[C@@H]21)OC(=O)[C@H](CO)C1=CC=CC=C1,1953
DB00749,etodolac,Acetic acid derivatives and related substances,CCC1=C2NC3=C(CCOC3(CC)CC(O)=O)C2=CC=C1,1991
DB00751,epinastine,Other antiallergics,NC1=NCC2N1C1=CC=CC=C1CC1=CC=CC=C21,2003
DB00752,tranylcypromine,"Monoamine oxidase inhibitors, non-selective",NC1CC1C1=CC=CC=C1,1961
DB00753,isoflurane,Halogenated hydrocarbons,FC(F)OC(Cl)C(F)(F)F,1979
DB00758,clopidogrel,Platelet aggregation inhibitors excl. heparin,[H][C@@](N1CCC2=C(C1)C=CS2)(C(=O)OC)C1=CC=CC=C1Cl,1997
DB00760,meropenem,Carbapenems,[H][C@]1([C@@H](C)O)C(=O)N2C(C(O)=O)=C(S[C@@H]3CN[C@@H](C3)C(=O)N(C)C)[C@H](C)[C@]12[H],1996
DB00762,irinotecan,Other antineoplastic agents,CCC1=C2CN3C(=CC4=C(COC(=O)[C@]4(O)CC)C3=O)C2=NC2=CC=C(OC(=O)N3CCC(CC3)N3CCCCC3)C=C12,1996
DB00764,mometasone,Adrenergics in combination with anticholinergics incl. triple combinations with corticosteroids,[H][C@@]12C[C@@H](C)[C@](O)(C(=O)CCl)[C@@]1(C)C[C@H](O)[C@@]1(Cl)[C@@]2([H])CCC2=CC(=O)C=C[C@]12C,1987
DB00768,olopatadine,"Antiallergic agents, excl. corticosteroids",CN(C)CC\C=C1\C2=CC=CC=C2COC2=C1C=C(CC(O)=O)C=C2,1996
DB00773,etoposide,Podophyllotoxin derivatives,[H][C@]12COC(=O)[C@]1([H])[C@H](C1=CC(OC)=C(O)C(OC)=C1)C1=CC3=C(OCO3)C=C1[C@H]2O[C@@H]1O[C@]2([H])CO[C@@H](C)O[C@@]2([H])[C@H](O)[C@H]1O,1983
DB00775,tirofiban,Platelet aggregation inhibitors excl. heparin,CCCCS(=O)(=O)N[C@@H](CC1=CC=C(OCCCCC2CCNCC2)C=C1)C(O)=O,1998
DB00776,oxcarbazepine,Carboxamide derivatives,NC(=O)N1C2=CC=CC=C2CC(=O)C2=C1C=CC=C2,2000
DB00787,acyclovir,Antivirals,NC1=NC(=O)C2=C(N1)N(COCCO)C=N2,1982
DB00788,naproxen,"Antiinflammatory preparations, non-steroids for topical use",COC1=CC2=C(C=C1)C=C(C=C2)[C@H](C)C(O)=O,1976
DB00790,perindopril,ACE inhibitors and calcium channel blockers,[H][C@]12C[C@H](N(C(=O)[C@H](C)N[C@@H](CCC)C(=O)OCC)[C@@]1([H])CCCC2)C(O)=O,1993
DB00795,sulfasalazine,Aminosalicylic acid and similar agents,OC(=O)C1=CC(=CC=C1O)\N=N\C1=CC=C(C=C1)S(=O)(=O)NC1=NC=CC=C1,1950
DB00799,tazarotene,Other antipsoriatics for topical use,CCOC(=O)C1=CN=C(C=C1)C#CC1=CC2=C(SCCC2(C)C)C=C1,1997
DB00802,alfentanil,Opioid anesthetics,CCN1N=NN(CCN2CCC(COC)(CC2)N(C(=O)CC)C2=CC=CC=C2)C1=O,1986
DB00804,dicyclomine,"Synthetic anticholinergics, esters with tertiary amino group",CCN(CC)CCOC(=O)C1(CCCCC1)C1CCCCC1,1950
DB00806,pentoxifylline,Purine derivatives,CN1C=NC2=C1C(=O)N(CCCCC(C)=O)C(=O)N2C,1984
DB00808,indapamide,"ACE inhibitors, other combinations",CC1CC2=CC=CC=C2N1NC(=O)C1=CC(=C(Cl)C=C1)S(N)(=O)=O,1983
DB00811,ribavirin,Antivirals for treatment of HCV infections,NC(=O)C1=NN(C=N1)[C@@H]1O[C@H](CO)[C@@H](O)[C@H]1O,1985
DB00813,fentanyl,Opioid anesthetics,CCC(=O)N(C1CCN(CCC2=CC=CC=C2)CC1)C1=CC=CC=C1,1968
DB00814,meloxicam,Oxicams,CN1C(C(=O)NC2=NC=C(C)S2)=C(O)C2=C(C=CC=C2)S1(=O)=O,2000
DB00816,metaproterenol,Non-selective beta-adrenoreceptor agonists,CC(C)NCC(O)C1=CC(O)=CC(O)=C1,1973
DB00820,tadalafil,Alpha-adrenoreceptor antagonists,[H][C@]12CC3=C(NC4=CC=CC=C34)[C@H](N1C(=O)CN(C)C2=O)C1=CC2=C(OCO2)C=C1,2002
DB00828,fosfomycin,Other antibacterials,C[C@@H]1O[C@@H]1P(O)(O)=O,1994
DB00829,diazepam,Benzodiazepine derivatives,CN1C2=C(C=C(Cl)C=C2)C(=NCC1=O)C1=CC=CC=C1,1986
DB00833,cefaclor,Second-generation cephalosporins,[H][C@]12SCC(Cl)=C(N1C(=O)[C@H]2NC(=O)[C@H](N)C1=CC=CC=C1)C(O)=O,1979
DB00834,mifepristone,Progesterone receptor modulators,[H][C@@]12CC[C@@](O)(C#CC)[C@@]1(C)C[C@H](C1=CC=C(C=C1)N(C)C)C1=C3CCC(=O)C=C3CC[C@@]21[H],2000
DB00836,loperamide,Antipropulsives,CN(C)C(=O)C(CCN1CCC(O)(CC1)C1=CC=C(Cl)C=C1)(C1=CC=CC=C1)C1=CC=CC=C1,1976
DB00843,donepezil,Anticholinesterases,COC1=C(OC)C=C2C(=O)C(CC3CCN(CC4=CC=CC=C4)CC3)CC2=C1,1996
DB00844,nalbuphine,Morphinan derivatives,O[C@H]1CC[C@@]2(O)[C@H]3CC4=CC=C(O)C5=C4[C@@]2(CCN3CC2CCC2)[C@H]1O5,1979
DB00846,flurandrenolone,"Corticosteroids, potent (group III)",CC1(C)O[C@@H]2C[C@H]3[C@@H]4C[C@H](F)C5=CC(=O)CC[C@]5(C)[C@H]4[C@@H](O)C[C@]3(C)[C@@]2(O1)C(=O)CO,1963
DB00847,cysteamine,Amino acids and derivatives,NCCS,1994
DB00851,dacarbazine,Other alkylating agents,CN(C)\N=N\C1=C(N=CN1)C(N)=O,1975
DB00853,temozolomide,Other alkylating agents,CN1N=NC2=C(N=CN2C1=O)C(N)=O,1999
DB00855,5-aminolevulinic,Sensitizers used in photodynamic/radiation therapy,NCC(=O)CCC(O)=O,1999
DB00861,diflunisal,Salicylic acid and derivatives,OC(=O)C1=C(O)C=CC(=C1)C1=C(F)C=C(F)C=C1,1982
DB00862,vardenafil,Drugs used in erectile dysfunction,CCCC1=NC(C)=C2N1NC(=NC2=O)C1=C(OCC)C=CC(=C1)S(=O)(=O)N1CCN(CC)CC1,2003
DB00863,ranitidine,H2-receptor antagonists,CNC(NCCSCC1=CC=C(CN(C)C)O1)=C[N+]([O-])=O,1977
DB00864,tacrolimus,"Agents for dermatitis, excluding corticosteroids",CO[C@@H]1C[C@@H](CC[C@H]1O)\C=C(/C)[C@H]1OC(=O)[C@@H]2CCCCN2C(=O)C(=O)[C@]2(O)O[C@@H]([C@H](C[C@H]2C)OC)[C@H](C[C@@H](C)C\C(C)=C\[C@@H](CC=C)C(=O)C[C@H](O)[C@H]1C)OC,1994
DB00869,dorzolamide,Carbonic anhydrase inhibitors,CCN[C@H]1C[C@H](C)S(=O)(=O)C2=C1C=C(S2)S(N)(=O)=O,1994
DB00871,terbutaline,Selective beta-2-adrenoreceptor agonists,CC(C)(C)NCC(O)C1=CC(O)=CC(O)=C1,1974
DB00872,conivaptan,Vasopressin antagonists,CC1=NC2=C(CCN(C(=O)C3=CC=C(NC(=O)C4=CC=CC=C4C4=CC=CC=C4)C=C3)C3=CC=CC=C23)N1,2005
DB00876,eprosartan,Angiotensin II receptor blockers (ARBs) and diuretics,CCCCC1=NC=C(\C=C(/CC2=CC=CS2)C(O)=O)N1CC1=CC=C(C=C1)C(O)=O,1997
DB00877,rapamycin,Other ophthalmologicals,[H][C@@]1(C[C@@H](C)[C@]2([H])CC(=O)[C@H](C)\C=C(C)\[C@@H](O)[C@@H](OC)C(=O)[C@H](C)C[C@H](C)\C=C\C=C\C=C(C)\[C@H](C[C@]3([H])CC[C@@H](C)[C@@](O)(O3)C(=O)C(=O)N3CCCC[C@@]3([H])C(=O)O2)OC)CC[C@@H](O)[C@@H](C1)OC,1999
DB00879,emtricitabine,"Antivirals for treatment of HIV infections, combinations",NC1=NC(=O)N(C=C1F)[C@@H]1CS[C@H](CO)O1,2003
DB00881,quinapril,ACE inhibitors and diuretics,CCOC(=O)[C@H](CCC1=CC=CC=C1)N[C@@H](C)C(=O)N1CC2=CC=CC=C2C[C@H]1C(O)=O,1991
DB00882,clomiphene,"Ovulation stimulants, synthetic",CCN(CC)CCOC1=CC=C(C=C1)C(=C(Cl)C1=CC=CC=C1)C1=CC=CC=C1,1967
DB00884,risedronate,Bisphosphonates,OC(CC1=CN=CC=C1)(P(O)(O)=O)P(O)(O)=O,1998
DB00887,bumetanide,High-ceiling diuretics and potassium-sparing agents,CCCCNC1=C(OC2=CC=CC=C2)C(=CC(=C1)C(O)=O)S(N)(=O)=O,1983
DB00889,granisetron,Serotonin (5HT3) antagonists,CN1N=C(C(=O)N[C@@H]2C[C@@H]3CCC[C@H](C2)N3C)C2=C1C=CC=C2,1993
DB00897,triazolam,Benzodiazepine derivatives,CC1=NN=C2CN=C(C3=CC=CC=C3Cl)C3=C(C=CC(Cl)=C3)N12,1982
DB00899,remifentanil,Opioid anesthetics,CCC(=O)N(C1=CC=CC=C1)C1(CCN(CCC(=O)OC)CC1)C(=O)OC,1996
DB00900,didanosine,Nucleoside and nucleotide reverse transcriptase inhibitors,OC[C@@H]1CC[C@@H](O1)N1C=NC2=C1NC=NC2=O,1991
DB00904,ondansetron,Serotonin (5HT3) antagonists,CN1C2=C(C3=CC=CC=C13)C(=O)C(CN1C=CN=C1C)CC2,1991
DB00905,bimatoprost,Prostaglandin analogues,CCNC(=O)CCC\C=C/C[C@H]1[C@@H](O)C[C@@H](O)[C@@H]1\C=C\[C@@H](O)CCC1=CC=CC=C1,2001
DB00906,tiagabine,Fatty acid derivatives,CC1=C(SC=C1)C(=CCCN1CCC[C@H](C1)C(O)=O)C1=C(C)C=CS1,1997
DB00908,quinidine,"Antiarrhythmics, class Ia",[H][C@@]12CCN(C[C@@H]1C=C)[C@]([H])(C2)[C@@H](O)C1=C2C=C(OC)C=CC2=NC=C1,1950
DB00909,zonisamide,Other antiepileptics,NS(=O)(=O)CC1=NOC2=CC=CC=C12,2000
DB00910,paricalcitol,Other anti-parathyroid agents,[H][C@@]1(CC[C@@]2([H])\C(CCC[C@]12C)=C\C=C1C[C@@H](O)C[C@H](O)C1)[C@H](C)\C=C\[C@H](C)C(C)(C)O,1998
DB00911,tinidazole,Combinations for eradication of Helicobacter pylori,CCS(=O)(=O)CCN1C(C)=NC=C1[N+]([O-])=O,2004
DB00912,repaglinide,Combinations of oral blood glucose lowering drugs,CCOC1=C(C=CC(CC(=O)N[C@@H](CC(C)C)C2=CC=CC=C2N2CCCCC2)=C1)C(O)=O,1997
DB00915,amantadine,Adamantane derivatives,NC12CC3CC(CC(C3)C1)C2,1966
DB00916,metronidazole,Antiinfectives and antiseptics for local oral treatment,CC1=NC=C(N1CCO)[N+]([O-])=O,1963
DB00918,almotriptan,Selective serotonin (5HT1) agonists,CN(C)CCC1=CNC2=C1C=C(CS(=O)(=O)N1CCCC1)C=C2,2001
DB00921,buprenorphine,Drugs used in opioid dependence,CO[C@]12CC[C@@]3(C[C@@H]1[C@](C)(O)C(C)(C)C)[C@H]1CC4=C5C(O[C@@H]2[C@@]35CCN1CC1CC1)=C(O)C=C4,1981
DB00924,cyclobenzaprine,Other centrally acting agents,CN(C)CCC=C1C2=CC=CC=C2C=CC2=CC=CC=C12,1977
DB00927,famotidine,H2-receptor antagonists,NC(N)=NC1=NC(CSCCC(N)=NS(N)(=O)=O)=CS1,1986
DB00928,5-azacytidine,Pyrimidine analogues,NC1=NC(=O)N(C=N1)[C@@H]1O[C@H](CO)[C@@H](O)[C@H]1O,2004
DB00932,tipranavir,Protease inhibitors,[H][C@@](CC)(C1=CC(NS(=O)(=O)C2=NC=C(C=C2)C(F)(F)F)=CC=C1)C1=C(O)C[C@@](CCC)(CCC2=CC=CC=C2)OC1=O,2005
DB00934,maprotiline,Non-selective monoamine reuptake inhibitors,CNCCCC12CCC(C3=CC=CC=C13)C1=CC=CC=C21,1980
DB00938,salmeterol,"Adrenergics in combination with corticosteroids or other drugs, excl. anticholinergics",OCC1=C(O)C=CC(=C1)C(O)CNCCCCCCOCCCCC1=CC=CC=C1,1994
DB00949,felbamate,Other antiepileptics,NC(=O)OCC(COC(N)=O)C1=CC=CC=C1,1993
DB00950,fexofenadine,Other antihistamines for systemic use,CC(C)(C(O)=O)C1=CC=C(C=C1)C(O)CCCN1CCC(CC1)C(O)(C1=CC=CC=C1)C1=CC=CC=C1,1996
DB00952,naratriptan,Selective serotonin (5HT1) agonists,CNS(=O)(=O)CCC1=CC2=C(NC=C2C2CCN(C)CC2)C=C1,1998
DB00953,rizatriptan,Selective serotonin (5HT1) agonists,CN(C)CCC1=CNC2=C1C=C(CN1C=NC=N1)C=C2,1998
DB00956,hydrocodone,Opium alkaloids and derivatives,[H][C@@]12OC3=C(OC)C=CC4=C3[C@@]11CCN(C)[C@]([H])(C4)[C@]1([H])CCC2=O,2013
DB00962,zaleplon,Benzodiazepine related drugs,CCN(C(C)=O)C1=CC=CC(=C1)C1=CC=NC2=C(C=NN12)C#N,1999
DB00963,bromfenac,"Antiinflammatory agents, non-steroids",NC1=C(CC(O)=O)C=CC=C1C(=O)C1=CC=C(Br)C=C1,2004
DB00964,apraclonidine,Sympathomimetics in glaucoma therapy,NC1=CC(Cl)=C(NC2=NCCN2)C(Cl)=C1,1987
DB00966,telmisartan,Angiotensin II receptor blockers (ARBs) and calcium channel blockers,CCCC1=NC2=C(C=C(C=C2C)C2=NC3=CC=CC=C3N2C)N1CC1=CC=C(C=C1)C1=CC=CC=C1C(O)=O,1998
DB00967,desloratadine,Other antihistamines for systemic use,ClC1=CC2=C(C=C1)C(=C1CCNCC1)C1=C(CC2)C=CC=N1,2001
DB00969,alosetron,Serotonin receptor antagonists,CN1C2=C(C3=CC=CC=C13)C(=O)N(CC1=C(C)NC=N1)CC2,2002
DB00973,ezetimibe,HMG CoA reductase inhibitors in combination with other lipid modifying agents,[H][C@]1(CC[C@H](O)C2=CC=C(F)C=C2)C(=O)N(C2=CC=C(F)C=C2)[C@]1([H])C1=CC=C(O)C=C1,2002
DB00975,dipyridamole,Platelet aggregation inhibitors excl. heparin,OCCN(CCO)C1=NC2=C(N=C(N=C2N2CCCCC2)N(CCO)CCO)C(=N1)N1CCCCC1,1961
DB00976,telithromycin,Macrolides,[H][C@@]12[C@@H](C)C(=O)[C@H](C)C[C@@](C)(OC)[C@H](O[C@@H]3O[C@H](C)C[C@@H]([C@H]3O)N(C)C)[C@@H](C)C(=O)[C@@H](C)C(=O)O[C@H](CC)[C@@]1(C)OC(=O)N2CCCCN1C=NC(=C1)C1=CC=CN=C1,2001
DB00978,lomefloxacin,Fluoroquinolones,CCN1C=C(C(O)=O)C(=O)C2=CC(F)=C(N3CCNC(C)C3)C(F)=C12,1992
DB00980,ramelteon,Melatonin receptor agonists,CCC(=O)NCC[C@@H]1CCC2=C1C1=C(OCC1)C=C2,2005
DB00983,formoterol,Adrenergics in combination with anticholinergics incl. triple combinations with corticosteroids,COC1=CC=C(CC(C)NCC(O)C2=CC(NC=O)=C(O)C=C2)C=C1,2001
DB00986,glycopyrrolate,Adrenergics in combination with anticholinergics incl. triple combinations with corticosteroids,C[N+]1(C)CCC(C1)OC(=O)C(O)(C1CCCC1)C1=CC=CC=C1,1961
DB00987,cytarabine,Combinations of antineoplastic agents,NC1=NC(=O)N(C=C1)[C@@H]1O[C@H](CO)[C@@H](O)[C@@H]1O,1969
DB00989,rivastigmine,Anticholinesterases,CCN(C)C(=O)OC1=CC=CC(=C1)[C@H](C)N(C)C,2000
DB00990,exemestane,Aromatase inhibitors,[H][C@@]12CCC(=O)[C@@]1(C)CC[C@@]1([H])[C@@]2([H])CC(=C)C2=CC(=O)C=C[C@]12C,1999
DB00993,azathioprine,Other immunosuppressants,CN1C=NC(=C1SC1=NC=NC2=C1NC=N2)[N+]([O-])=O,1968
DB00995,auranofin,Gold preparations,CCP(CC)(CC)=[Au]S[C@@H]1O[C@H](COC(C)=O)[C@@H](OC(C)=O)[C@H](OC(C)=O)[C@H]1OC(C)=O,1985
DB00996,gabapentin,Other antiepileptics,NCC1(CC(O)=O)CCCCC1,1993
DB00997,doxorubicin,Anthracyclines and related substances,COC1=CC=CC2=C1C(=O)C1=C(O)C3=C(C[C@](O)(C[C@@H]3O[C@H]3C[C@H](N)[C@H](O)[C@H](C)O3)C(=O)CO)C(O)=C1C2=O,1974
DB00998,frovatriptan,Selective serotonin (5HT1) agonists,CN[C@@H]1CCC2=C(C1)C1=C(N2)C=CC(=C1)C(N)=O,2001
DB00999,hydrochlorothiazide,"ACE inhibitors, other combinations",NS(=O)(=O)C1=C(Cl)C=C2NCNS(=O)(=O)C2=C1,1959
DB01001,salbutamol,Adrenergics in combination with anticholinergics incl. triple combinations with corticosteroids,CC(C)(C)NCC(O)C1=CC(CO)=C(O)C=C1,1981
DB01005,hydroxyurea,Other antineoplastic agents,NC(=O)NO,1967
DB01006,letrozole,Aromatase inhibitors,N#CC1=CC=C(C=C1)C(N1C=NC=N1)C1=CC=C(C=C1)C#N,1997
DB01008,busulfan,Alkyl sulfonates,CS(=O)(=O)OCCCCOS(C)(=O)=O,1954
DB01009,ketoprofen,"Antiinflammatory preparations, non-steroids for topical use",CC(C(O)=O)C1=CC(=CC=C1)C(=O)C1=CC=CC=C1,1986
DB01011,metyrapone,Tests for pituitary function,CC(C)(C(=O)C1=CN=CC=C1)C1=CC=CN=C1,1961
DB01012,cinacalcet,Other anti-parathyroid agents,C[C@@H](NCCCC1=CC(=CC=C1)C(F)(F)F)C1=CC=CC2=CC=CC=C12,2004
DB01014,balsalazide,Aminosalicylic acid and similar agents,OC(=O)CCNC(=O)C1=CC=C(C=C1)\N=N\C1=CC=C(O)C(=C1)C(O)=O,1997
DB01017,minocycline,Antiinfectives and antiseptics for local oral treatment,[H][C@@]12CC3=C(C(O)=CC=C3N(C)C)C(=O)C1=C(O)[C@]1(O)C(=O)C(C(N)=O)=C(O)[C@@H](N(C)C)[C@]1([H])C2,1971
DB01018,guanfacine,Imidazoline receptor agonists,NC(=N)NC(=O)CC1=C(Cl)C=CC=C1Cl,1986
DB01019,bethanechol,Choline esters,CC(C[N+](C)(C)C)OC(N)=O,1948
DB01023,felodipine,ACE inhibitors and calcium channel blockers,CCOC(=O)C1=C(C)NC(C)=C(C1C1=C(Cl)C(Cl)=CC=C1)C(=O)OC,1991
DB01024,mycophenolate,Selective immunosuppressants,COC1=C(C\C=C(/C)CCC(O)=O)C(O)=C2C(=O)OCC2=C1C,2009
DB01025,amlexanox,Other agents for local oral treatment,CC(C)C1=CC2=C(OC3=NC(N)=C(C=C3C2=O)C(O)=O)C=C1,1996
DB01026,ketoconazole,Imidazole and triazole derivatives,CC(=O)N1CCN(CC1)C1=CC=C(OCC2COC(CN3C=CN=C3)(O2)C2=CC=C(Cl)C=C2Cl)C=C1,1981
DB01029,irbesartan,Angiotensin II receptor blockers (ARBs) and calcium channel blockers,CCCCC1=NC2(CCCC2)C(=O)N1CC1=CC=C(C=C1)C1=CC=CC=C1C1=NNN=N1,1997
DB01030,topotecan,Other antineoplastic agents,CC[C@@]1(O)C(=O)OCC2=C1C=C1N(CC3=CC4=C(C=CC(O)=C4CN(C)C)N=C13)C2=O,1996
DB01033,6-mercaptopurine,Purine analogues,S=C1N=CNC2=C1NC=N2,1953
DB01036,tolterodine,Drugs for urinary frequency and incontinence,CC(C)N(CC[C@H](C1=CC=CC=C1)C1=C(O)C=CC(C)=C1)C(C)C,1998
DB01037,deprenyl,Monoamine oxidase B inhibitors,C[C@H](CC1=CC=CC=C1)N(C)CC#C,1996
DB01039,fenofibrate,Fibrates,CC(C)OC(=O)C(C)(C)OC1=CC=C(C=C1)C(=O)C1=CC=C(Cl)C=C1,1993
DB01041,thalidomide,Other immunosuppressants,O=C1N(C2CCC(=O)NC2=O)C(=O)C2=CC=CC=C12,1998
DB01042,melphalan,Nitrogen mustard analogues,N[C@@H](CC1=CC=C(C=C1)N(CCCl)CCCl)C(O)=O,1964
DB01043,memantine,Anticholinesterases,CC12CC3CC(C)(C1)CC(N)(C3)C2,2002
DB01046,lubiprostone,Other drugs for constipation,[H][C@@]12CC(=O)[C@H](CCCCCCC(O)=O)[C@@]1([H])CC[C@@](O)(O2)C(F)(F)CCCC,2006
DB01047,fluocinonide,Corticosteroids,[H][C@@]12C[C@@]3([H])[C@]4([H])C[C@H](F)C5=CC(=O)C=C[C@]5(C)[C@@]4(F)[C@@H](O)C[C@]3(C)[C@@]1(OC(C)(C)O2)C(=O)COC(C)=O,1971
DB01048,abacavir,"Antivirals for treatment of HIV infections, combinations",NC1=NC2=C(N=CN2[C@@H]2C[C@H](CO)C=C2)C(NC2CC2)=N1,1998
DB01050,ibuprofen,"Antiinflammatory preparations, non-steroids for topical use",CC(C)CC1=CC=C(C=C1)C(C)C(O)=O,1974
DB01059,norfloxacin,Combinations of antibacterials,CCN1C=C(C(O)=O)C(=O)C2=CC(F)=C(C=C12)N1CCNCC1,1986
DB01060,amoxicillin,Combinations for eradication of Helicobacter pylori,[H][C@]12SC(C)(C)[C@@H](N1C(=O)[C@H]2NC(=O)[C@H](N)C1=CC=C(O)C=C1)C(O)=O,1974
DB01062,oxybutynin,Drugs for urinary frequency and incontinence,CCN(CC)CC#CCOC(=O)C(O)(C1CCCCC1)C1=CC=CC=C1,1975
DB01066,cefditoren,Third-generation cephalosporins,[H][C@]12SCC(\C=C/C3=C(C)N=CS3)=C(N1C(=O)[C@H]2NC(=O)C(=N/OC)\C1=CSC(N)=N1)C(O)=O,2001
DB01067,glipizide,Sulfonylureas,CC1=NC=C(N=C1)C(=O)NCCC1=CC=C(C=C1)S(=O)(=O)NC(=O)NC1CCCCC1,1984
DB01068,clonazepam,Benzodiazepine derivatives,[O-][N+](=O)C1=CC2=C(NC(=O)CN=C2C2=CC=CC=C2Cl)C=C1,1975
DB01072,atazanavir,"Antivirals for treatment of HIV infections, combinations",COC(=O)N[C@H](C(=O)N[C@@H](CC1=CC=CC=C1)[C@@H](O)CN(CC1=CC=C(C=C1)C1=CC=CC=N1)NC(=O)[C@@H](NC(=O)OC)C(C)(C)C)C(C)(C)C,2003
DB01073,fludarabine,Purine analogues,NC1=NC(F)=NC2=C1N=CN2[C@@H]1O[C@H](CO)[C@@H](O)[C@@H]1O,1991
DB01076,atorvastatin,HMG CoA reductase inhibitors,CC(C)C1=C(C(=O)NC2=CC=CC=C2)C(=C(N1CC[C@@H](O)C[C@@H](O)CC(O)=O)C1=CC=C(F)C=C1)C1=CC=CC=C1,1996
DB01079,tegaserod,Other drugs for constipation,CCCCCNC(=N)N\N=C\C1=CNC2=C1C=C(OC)C=C2,2002
DB01080,vigabatrin,Fatty acid derivatives,NC(CCC(O)=O)C=C,2009
DB01082,streptomycin,Antibiotics,CN[C@H]1[C@H](O)[C@@H](O)[C@H](CO)O[C@H]1O[C@H]1[C@H](O[C@H]2[C@H](O)[C@@H](O)[C@H](NC(N)=N)[C@@H](O)[C@@H]2NC(N)=N)O[C@@H](C)[C@]1(O)C=O,1946
DB01083,orlistat,Peripherally acting antiobesity products,CCCCCCCCCCC[C@@H](C[C@@H]1OC(=O)[C@H]1CCCCCC)OC(=O)[C@H](CC(C)C)NC=O,1999
DB01084,emedastine,Other antiallergics,CCOCCN1C(=NC2=CC=CC=C12)N1CCCN(C)CC1,1997
DB01085,pilocarpine,Other parasympathomimetics,CC[C@H]1[C@@H](CC2=CN=CN2C)COC1=O,1974
DB01095,fluvastatin,HMG CoA reductase inhibitors,CC(C)N1C(\C=C\[C@H](O)C[C@H](O)CC(O)=O)=C(C2=CC=C(F)C=C2)C2=CC=CC=C12,1993
DB01097,leflunomide,Selective immunosuppressants,CC1=C(C=NO1)C(=O)NC1=CC=C(C=C1)C(F)(F)F,1998
DB01098,rosuvastatin,Dipeptidyl peptidase 4 (DPP-4) inhibitors,CC(C)C1=NC(=NC(C2=CC=C(F)C=C2)=C1\C=C\[C@@H](O)C[C@@H](O)CC(=O)O)N(C)S(C)(=O)=O,2003
DB01100,pimozide,Diphenylbutylpiperidine derivatives,FC1=CC=C(C=C1)C(CCCN1CCC(CC1)N1C(=O)NC2=CC=CC=C12)C1=CC=C(F)C=C1,1984
DB01101,capecitabine,Pyrimidine analogues,CCCCCOC(=O)NC1=NC(=O)N(C=C1F)[C@@H]1O[C@H](C)[C@@H](O)[C@H]1O,1998
DB01104,sertraline,Selective serotonin reuptake inhibitors,CN[C@H]1CC[C@@H](C2=CC(Cl)=C(Cl)C=C2)C2=CC=CC=C12,1991
DB01105,sibutramine,Centrally acting antiobesity products,CC(C)CC(N(C)C)C1(CCC1)C1=CC=C(Cl)C=C1,1997
DB01106,levocabastine,"Antiallergic agents, excl. corticosteroids",C[C@@H]1CN(CC[C@]1(C(O)=O)C1=CC=CC=C1)[C@H]1CC[C@](CC1)(C#N)C1=CC=C(F)C=C1,1993
DB01110,miconazole,Antiinfectives,ClC1=CC(Cl)=C(COC(CN2C=CN=C2)C2=C(Cl)C=C(Cl)C=C2)C=C1,1974
DB01112,cefuroxime,Antibiotics,[H][C@]12SCC(COC(N)=O)=C(N1C(=O)[C@H]2NC(=O)C(=N/OC)\C1=CC=CO1)C(O)=O,1983
DB01115,nifedipine,Beta blocking agents and calcium channel blockers,COC(=O)C1=C(C)NC(C)=C(C1C1=CC=CC=C1[N+]([O-])=O)C(=O)OC,1981
DB01117,atovaquone,Other agents against amoebiasis and other protozoal diseases,OC1=C([C@H]2CC[C@@H](CC2)C2=CC=C(Cl)C=C2)C(=O)C2=CC=CC=C2C1=O,1992
DB01118,amiodarone,"Antiarrhythmics, class III",CCCCC1=C(C(=O)C2=CC(I)=C(OCCN(CC)CC)C(I)=C2)C2=C(O1)C=CC=C2,1985
DB01126,dutasteride,Alpha-adrenoreceptor antagonists,[H][C@@]1(CC[C@@]2([H])[C@]3([H])CC[C@@]4([H])NC(=O)C=C[C@]4(C)[C@@]3([H])CC[C@]12C)C(=O)NC1=CC(=CC=C1C(F)(F)F)C(F)(F)F,2001
DB01128,bicalutamide,Anti-androgens,CC(O)(CS(=O)(=O)C1=CC=C(F)C=C1)C(=O)NC1=CC(=C(C=C1)C#N)C(F)(F)F,1995
DB01129,rabeprazole,"Antiinflammatory preparations, non-steroids for topical use",COCCCOC1=C(C)C(CS(=O)C2=NC3=CC=CC=C3N2)=NC=C1,1999
DB01131,proguanil,Biguanides,CC(C)NC(=N)NC(=N)NC1=CC=C(Cl)C=C1,2000
DB01132,pioglitazone,Combinations of oral blood glucose lowering drugs,CCC1=CN=C(CCOC2=CC=C(CC3SC(=O)NC3=O)C=C2)C=C1,1999
DB01136,carvedilol,Alpha and beta blocking agents,COC1=CC=CC=C1OCCNCC(O)COC1=CC=CC2=C1C1=CC=CC=C1N2,1995
DB01142,doxepin,Non-selective monoamine reuptake inhibitors,[H]C(CCN(C)C)=C1C2=CC=CC=C2COC2=CC=CC=C12,1969
DB01149,nefazodone,Other antidepressants,CCC1=NN(CCCN2CCN(CC2)C2=CC(Cl)=CC=C2)C(=O)N1CCOC1=CC=CC=C1,1994
DB01150,cefprozil,Second-generation cephalosporins,[H][C@]12SCC(C=CC)=C(N1C(=O)[C@@]2([H])NC(=O)[C@H](N)C1=CC=C(O)C=C1)C(O)=O,1991
DB01155,gemifloxacin,Fluoroquinolones,CO\N=C1/CN(CC1CN)C1=NC2=C(C=C1F)C(=O)C(=CN2C1CC1)C(O)=O,2003
DB01156,bupropion,Centrally acting antiobesity products,CC(NC(C)(C)C)C(=O)C1=CC(Cl)=CC=C1,1985
DB01157,trimetrexate,Other agents against amoebiasis and other protozoal diseases,COC1=CC(NCC2=C(C)C3=C(C=C2)N=C(N)N=C3N)=CC(OC)=C1OC,1993
DB01162,terazosin,Alpha-adrenoreceptor antagonists,COC1=C(OC)C=C2C(N)=NC(=NC2=C1)N1CCN(CC1)C(=O)C1CCCO1,1987
DB01165,ofloxacin,Antiinfectives,CC1COC2=C3N1C=C(C(O)=O)C(=O)C3=CC(F)=C2N1CCN(C)CC1,1990
DB01166,cilostazol,Platelet aggregation inhibitors excl. heparin,O=C1CCC2=C(N1)C=CC(OCCCCC1=NN=NN1C1CCCCC1)=C2,1999
DB01167,itraconazole,Triazole derivatives,CCC(C)N1N=CN(C1=O)C1=CC=C(C=C1)N1CCN(CC1)C1=CC=C(OC[C@H]2CO[C@@](CN3C=NC=N3)(O2)C2=CC=C(Cl)C=C2Cl)C=C1,1992
DB01168,procarbazine,Methylhydrazines,CNNCC1=CC=C(C=C1)C(=O)NC(C)C,1969
DB01177,idarubicin,Anthracyclines and related substances,C[C@@H]1O[C@H](C[C@H](N)[C@@H]1O)O[C@H]1C[C@@](O)(CC2=C1C(O)=C1C(=O)C3=CC=CC=C3C(=O)C1=C2O)C(C)=O,1990
DB01181,ifosfamide,Nitrogen mustard analogues,ClCCNP1(=O)OCCCN1CCCl,1988
DB01182,propafenone,"Antiarrhythmics, class Ic",CCCNCC(O)COC1=C(C=CC=C1)C(=O)CCC1=CC=CC=C1,1989
DB01186,pergolide,Dopamine agonists,[H][C@@]12CC3=CNC4=CC=CC(=C34)[C@@]1([H])C[C@@H](CSC)CN2CCC,1988
DB01188,ciclopirox,Other antifungals for topical use,CC1=CC(=O)N(O)C(=C1)C1CCCCC1,1982
DB01189,desflurane,Halogenated hydrocarbons,FC(F)OC(F)C(F)(F)F,1992
DB01190,clindamycin,Antibiotics,[H][C@@](NC(=O)[C@@H]1C[C@@H](CCC)CN1C)([C@H](C)Cl)[C@@]1([H])O[C@H](SC)[C@H](O)[C@@H](O)[C@H]1O,1970
DB01193,acebutolol,"Beta blocking agents, selective",CCCC(=O)NC1=CC=C(OCC(O)CNC(C)C)C(=C1)C(C)=O,1984
DB01194,brinzolamide,Carbonic anhydrase inhibitors,CCN[C@H]1CN(CCCOC)S(=O)(=O)C2=C1C=C(S2)S(N)(=O)=O,1998
DB01195,flecainide,"Antiarrhythmics, class Ic",FC(F)(F)COC1=CC(C(=O)NCC2CCCCN2)=C(OCC(F)(F)F)C=C1,1985
DB01196,estramustine,Other antineoplastic agents,[H][C@@]12CC[C@H](O)[C@@]1(C)CC[C@]1([H])C3=CC=C(OC(=O)N(CCCl)CCCl)C=C3CC[C@@]21[H],1981
DB01197,captopril,ACE inhibitors and diuretics,C[C@H](CS)C(=O)N1CCC[C@H]1C(O)=O,1981
DB01200,bromocriptine,Dopamine agonists,[H][C@@]12CCCN1C(=O)[C@H](CC(C)C)N1C(=O)[C@](NC(=O)[C@H]3CN(C)[C@]4([H])CC5=C(Br)NC6=CC=CC(=C56)C4=C3)(O[C@@]21O)C(C)C,1978
DB01202,levetiracetam,Other antiepileptics,CC[C@H](N1CCCC1=O)C(N)=O,1999
DB01203,nadolol,"Beta blocking agents, non-selective",CC(C)(C)NCC(O)COC1=CC=CC2=C1C[C@H](O)[C@H](O)C2,1979
DB01204,mitoxantrone,Anthracyclines and related substances,OCCNCCNC1=CC=C(NCCNCCO)C2=C1C(=O)C1=C(C(O)=CC=C1O)C2=O,1987
DB01205,flumazenil,Antidotes,CCOC(=O)C1=C2CN(C)C(=O)C3=C(C=CC(F)=C3)N2C=N1,1991
DB01208,sparfloxacin,Fluoroquinolones,C[C@H]1CN(C[C@@H](C)N1)C1=C(F)C(N)=C2C(=O)C(=CN(C3CC3)C2=C1F)C(O)=O,1996
DB01211,clarithromycin,Combinations for eradication of Helicobacter pylori,[H][C@@]1(C[C@@](C)(OC)[C@@H](O)[C@H](C)O1)O[C@H]1[C@H](C)[C@@H](O[C@]2([H])O[C@H](C)C[C@@H]([C@H]2O)N(C)C)[C@@](C)(C[C@@H](C)C(=O)[C@H](C)[C@@H](O)[C@](C)(O)[C@@H](CC)OC(=O)[C@@H]1C)OC,1991
DB01212,ceftriaxone,Third-generation cephalosporins,[H][C@]12SCC(CSC3=NC(=O)C(=O)NN3C)=C(N1C(=O)[C@H]2NC(=O)C(=N/OC)\C1=CSC(N)=N1)C(O)=O,1984
DB01213,4-methylpyrazole,Antidotes,CC1=CNN=C1,1997
DB01215,estazolam,Benzodiazepine derivatives,ClC1=CC2=C(C=C1)N1C=NN=C1CN=C2C1=CC=CC=C1,1990
DB01216,finasteride,Alpha-adrenoreceptor antagonists,[H][C@@]12CC[C@H](C(=O)NC(C)(C)C)[C@@]1(C)CC[C@@]1([H])[C@@]2([H])CC[C@@]2([H])NC(=O)C=C[C@]12C,1992
DB01217,anastrozole,Aromatase inhibitors,CC(C)(C#N)C1=CC(=CC(CN2C=NC=N2)=C1)C(C)(C)C#N,1995
DB01218,halofantrine,Other antimalarials,CCCCN(CCCC)CCC(O)C1=C2C=CC(=CC2=C2C=C(Cl)C=C(Cl)C2=C1)C(F)(F)F,1992
DB01219,dantrolene,Dantrolene and derivatives,[O-][N+](=O)C1=CC=C(C=C1)C1=CC=C(O1)\C=N\N1CC(=O)NC1=O,1974
DB01220,rifaximin,Antibiotics,CO[C@H]1\C=C\O[C@@]2(C)OC3=C(C)C(O)=C4C(O)=C(NC(=O)\C(C)=C/C=C/[C@H](C)[C@H](O)[C@@H](C)[C@@H](O)[C@@H](C)[C@H](OC(C)=O)[C@@H]1C)C1=C(N=C5C=C(C)C=CN15)C4=C3C2=O,2004
DB01222,budesonide,Adrenergics in combination with anticholinergics incl. triple combinations with corticosteroids,[H][C@@]12C[C@H]3OC(CCC)O[C@@]3(C(=O)CO)[C@@]1(C)C[C@H](O)[C@@]1([H])[C@@]2([H])CCC2=CC(=O)C=C[C@]12C,1997
DB01223,aminophylline,Xanthines,NCCN.CN1C2=C(NC=N2)C(=O)N(C)C1=O.CN1C2=C(NC=N2)C(=O)N(C)C1=O,1976
DB01224,quetiapine,"Diazepines, oxazepines, thiazepines and oxepines",OCCOCCN1CCN(CC1)C1=NC2=CC=CC=C2SC2=CC=CC=C12,1997
DB01226,mivacurium,Other quaternary ammonium compounds,COC1=CC(C[C@@H]2C3=CC(OC)=C(OC)C=C3CC[N+]2(C)CCCOC(=O)CC\C=C\CCC(=O)OCCC[N+]2(C)CCC3=CC(OC)=C(OC)C=C3[C@H]2CC2=CC(OC)=C(OC)C(OC)=C2)=CC(OC)=C1OC,1992
DB01229,paclitaxel,Taxanes,[H][C@]12[C@H](OC(=O)C3=CC=CC=C3)[C@]3(O)C[C@H](OC(=O)[C@H](O)[C@@H](NC(=O)C4=CC=CC=C4)C4=CC=CC=C4)C(C)=C([C@@H](OC(C)=O)C(=O)[C@]1(C)[C@@H](O)C[C@H]1OC[C@@]21OC(C)=O)C3(C)C,1992
DB01232,saquinavir,Protease inhibitors,[H][C@@]12CCCC[C@]1([H])CN(C[C@@H](O)[C@H](CC1=CC=CC=C1)NC(=O)[C@H](CC(N)=O)NC(=O)C1=NC3=C(C=CC=C3)C=C1)[C@@H](C2)C(=O)NC(C)(C)C,1995
DB01233,metoclopramide,Propulsives,CCN(CC)CCNC(=O)C1=CC(Cl)=C(N)C=C1OC,1979
DB01234,dexamethasone,Corticosteroids,[H][C@@]12C[C@@H](C)[C@](O)(C(=O)CO)[C@@]1(C)C[C@H](O)[C@@]1(F)[C@@]2([H])CCC2=CC(=O)C=C[C@]12C,1958
DB01236,sevoflurane,Halogenated hydrocarbons,FCOC(C(F)(F)F)C(F)(F)F,1995
DB01238,aripiprazole,Other antipsychotics,ClC1=CC=CC(N2CCN(CCCCOC3=CC4=C(CCC(=O)N4)C=C3)CC2)=C1Cl,2002
DB01240,prostacyclin,Platelet aggregation inhibitors excl. heparin,[H][C@]12C[C@@H](O)[C@H](\C=C\[C@@H](O)CCCCC)[C@@]1([H])C\C(O2)=C\CCCC(O)=O,1995
DB01241,gemfibrozil,Fibrates,CC1=CC(OCCCC(C)(C)C(O)=O)=C(C)C=C1,1993
DB01242,clomipramine,Non-selective monoamine reuptake inhibitors,CN(C)CCCN1C2=CC=CC=C2CCC2=C1C=C(Cl)C=C2,1989
DB01244,bepridil,Phenylalkylamine derivatives,CC(C)COCC(CN(CC1=CC=CC=C1)C1=CC=CC=C1)N1CCCC1,1990
DB01247,isocarboxazid,"Monoamine oxidase inhibitors, non-selective",CC1=CC(=NO1)C(=O)NNCC1=CC=CC=C1,1959
DB01248,docetaxel,Taxanes,[H][C@@]1(C[C@@]2(O)[C@@H](OC(=O)C3=CC=CC=C3)[C@]3([H])[C@@]4(CO[C@@H]4C[C@H](O)[C@@]3(C)C(=O)[C@H](O)C(=C1C)C2(C)C)OC(C)=O)OC(=O)[C@H](O)[C@@H](NC(=O)OC(C)(C)C)C1=CC=CC=C1,1996
DB01250,olsalazine,Aminosalicylic acid and similar agents,OC(=O)C1=CC(=CC=C1O)\N=N\C1=CC=C(O)C(=C1)C(O)=O,1997
DB01254,dasatinib,Protein kinase inhibitors,CC1=NC(NC2=NC=C(S2)C(=O)NC2=C(C)C=CC=C2Cl)=CC(=N1)N1CCN(CCO)CC1,2006
DB01255,lisdexamfetamine,Centrally acting sympathomimetics,C[C@@H](CC1=CC=CC=C1)NC(=O)[C@@H](N)CCCCN,2007
DB01256,retapamulin,Other antibiotics for topical use,[H][C@@]12C(=O)CC[C@]11CC[C@@H](C)[C@@]2(C)[C@@H](C[C@@](C)(C=C)[C@@H](O)[C@@H]1C)OC(=O)CS[C@H]1C[C@@H]2CC[C@H](C1)N2C,2007
DB01259,lapatinib,Protein kinase inhibitors,CS(=O)(=O)CCNCC1=CC=C(O1)C1=CC2=C(C=C1)N=CN=C2NC1=CC(Cl)=C(OCC2=CC(F)=CC=C2)C=C1,2007
DB01260,desonide,"Corticosteroids, moderately potent (group II)",[H][C@@]12C[C@H]3OC(C)(C)O[C@@]3(C(=O)CO)[C@@]1(C)C[C@H](O)[C@@]1([H])[C@@]2([H])CCC2=CC(=O)C=C[C@]12C,1972
DB01261,sitagliptin,Combinations of oral blood glucose lowering drugs,N[C@@H](CC(=O)N1CCN2C(C1)=NN=C2C(F)(F)F)CC1=CC(F)=C(F)C=C1F,2006
DB01263,posaconazole,Triazole derivatives,[H][C@@](C)(O)[C@]([H])(CC)N1N=CN(C1=O)C1=CC=C(C=C1)N1CCN(CC1)C1=CC=C(OC[C@]2([H])CO[C@](CN3C=NC=N3)(C2)C2=C(F)C=C(F)C=C2)C=C1,2005
DB01264,darunavir,"Antivirals for treatment of HIV infections, combinations",[H][C@@]12CCO[C@]1([H])OC[C@@H]2OC(=O)N[C@@H](CC1=CC=CC=C1)[C@H](O)CN(CC(C)C)S(=O)(=O)C1=CC=C(N)C=C1,2006
DB01267,paliperidone,Other antipsychotics,CC1=C(CCN2CCC(CC2)C2=NOC3=C2C=CC(F)=C3)C(=O)N2CCCC(O)C2=N1,2006
DB01268,sunitinib,Protein kinase inhibitors,CCN(CC)CCNC(=O)C1=C(C)NC(\C=C2/C(=O)NC3=C2C=C(F)C=C3)=C1C,2006
DB01273,varenicline,Drugs used in nicotine dependence,C1C2CNCC1C1=C2C=C2N=CC=NC2=C1,2006
DB01275,hydralazine,Hydrazinophthalazine derivatives,NNC1=NN=CC2=CC=CC=C12,1953
DB01276,exenatide,Glucagon-like peptide-1 (GLP-1) analogues,CCC(C)C(C(=O)NC(CCC(=O)O)C(=O)NC(CC1=CNC2=CC=CC=C21)C(=O)NC(CC(C)C)C(=O)NC(CCCCN)C(=O)NC(CC(=O)N)C(=O)NCC(=O)NCC(=O)N3CCCC3C(=O)NC(CO)C(=O)NC(CO)C(=O)NCC(=O)NC(C)C(=O)N4CCCC4C(=O)N5CCCC5C(=O)N6CCCC6C(=O)NC(CO)C(=O)N)NC(=O)C(CC7=CC=CC=C7)NC(=O)C(CC(C)C)NC(=O)C(CCCNC(=N)N)NC(=O)C(C(C)C)NC(=O)C(C)NC(=O)C(CCC(=O)O)NC(=O)C(CCC(=O)O)NC(=O)C(CCC(=O)O)NC(=O)C(CCSC)NC(=O)C(CCC(=O)N)NC(=O)C(CCCCN)NC(=O)C(CO)NC(=O)C(CC(C)C)NC(=O)C(CC(=O)O)NC(=O)C(CO)NC(=O)C(C(C)O)NC(=O)C(CC8=CC=CC=C8)NC(=O)C(C(C)O)NC(=O)CNC(=O)C(CCC(=O)O)NC(=O)CNC(=O)C(CC9=CNC=N9)N,2005
DB01278,Symlin,"Other blood glucose lowering drugs, excl. insulins",[H]N[C@@H](CCCCN)C(=O)N[C@H]1CSSC[C@H](NC(=O)[C@@]([H])(NC(=O)[C@H](C)NC(=O)[C@@]([H])(NC(=O)[C@H](CC(N)=O)NC1=O)[C@@H](C)O)[C@@H](C)O)C(=O)N[C@@H](C)C(=O)N[C@@]([H])([C@@H](C)O)C(=O)N[C@@H](CCC(N)=O)C(=O)N[C@@H](CCCNC(N)=N)C(=O)N[C@@H](CC(C)C)C(=O)N[C@@H](C)C(=O)N[C@@H](CC(N)=O)C(=O)N[C@@H](CC1=CC=CC=C1)C(=O)N[C@@H](CC(C)C)C(=O)N[C@@H](C(C)C)C(=O)N[C@@H](CC1=CN=CN1)C(=O)N[C@@H](CO)C(=O)N[C@@H](CO)C(=O)N[C@@H](CC(N)=O)C(=O)N[C@@H](CC(N)=O)C(=O)N[C@@H](CC1=CC=CC=C1)C(=O)NCC(=O)N1CCC[C@H]1C(=O)N[C@@]([H])([C@@H](C)CC)C(=O)N[C@@H](CC(C)C)C(=O)N1CCC[C@H]1C(=O)N1CCC[C@H]1C(=O)N[C@@]([H])([C@@H](C)O)C(=O)N[C@@H](CC(N)=O)C(=O)N[C@@H](C(C)C)C(=O)NCC(=O)N[C@@H](CO)C(=O)N[C@@H](CC(N)=O)C(=O)N[C@@]([H])([C@@H](C)O)C(=O)N[C@@H](CC1=CC=C(O)C=C1)C(N)=O,2005
DB01280,nelarabine,Purine analogues,COC1=NC(N)=NC2=C1N=CN2[C@@H]1O[C@H](CO)[C@@H](O)[C@@H]1O,2005
DB01291,pirbuterol,Selective beta-2-adrenoreceptor agonists,CC(C)(C)NCC(O)C1=NC(CO)=C(O)C=C1,1986
DB01319,fosamprenavir,Protease inhibitors,CC(C)CN(C[C@@H](OP(O)(O)=O)[C@H](CC1=CC=CC=C1)NC(=O)O[C@H]1CCOC1)S(=O)(=O)C1=CC=C(N)C=C1,2003
DB01320,fosphenytoin,Hydantoin derivatives,OP(O)(=O)OCN1C(=O)NC(C1=O)(C1=CC=CC=C1)C1=CC=CC=C1,1996
DB01327,cefazolin,First-generation cephalosporins,[H][C@]12SCC(CSC3=NN=C(C)S3)=C(N1C(=O)[C@H]2NC(=O)CN1C=NN=N1)C(O)=O,1973
DB01337,pancuronium,Other quaternary ammonium compounds,[H][C@@]12C[C@@H]([C@H](OC(C)=O)[C@@]1(C)CC[C@@]1([H])[C@@]2([H])CC[C@@]2([H])C[C@H](OC(C)=O)[C@H](C[C@]12C)[N+]1(C)CCCCC1)[N+]1(C)CCCCC1,1990
DB01359,penbutolol,"Beta blocking agents, non-selective",CC(C)(C)NC[C@H](O)COC1=CC=CC=C1C1CCCC1,1987
DB01367,rasagiline,Monoamine oxidase B inhibitors,C#CCN[C@@H]1CCC2=CC=CC=C12,2005
DB01373,calcium,"Ascorbic acid (vitamin C), combinations",[Ca],1976
DB01394,colchicine,Preparations with no effect on uric acid metabolism,COC1=CC2=C(C(OC)=C1OC)C1=CC=C(OC)C(=O)C=C1C(CC2)NC(C)=O,2009
DB01406,danazol,Antigonadotropins and similar agents,[H][C@@]12CC[C@@](O)(C#C)[C@@]1(C)CC[C@@]1([H])[C@@]2([H])CCC2=CC3=C(C[C@]12C)C=NO3,1976
DB01409,tiotropium,Adrenergics in combination with anticholinergics incl. triple combinations with corticosteroids,[H][C@]12O[C@@]1([H])[C@]1([H])C[C@@]([H])(C[C@@]2([H])[N+]1(C)C)OC(=O)C(O)(C1=CC=CS1)C1=CC=CS1,2004
DB01410,ciclesonide,Corticosteroids,[H][C@@]12C[C@@]3([H])[C@]4([H])CCC5=CC(=O)C=C[C@]5(C)[C@@]4([H])[C@@H](O)C[C@]3(C)[C@@]1(O[C@@H](O2)C1CCCCC1)C(=O)COC(=O)C(C)C,2006
DB01413,cefepime,Combinations of antibacterials,CO\N=C(/C(=O)N[C@@H]1C(=O)N2[C@]1([H])SCC(C[N+]1(C)CCCC1)=C2C([O-])=O)C1=CSC(N)=N1,1996
DB01416,cefpodoxime,Third-generation cephalosporins,[H][C@]12SCC(COC)=C(N1C(=O)[C@H]2NC(=O)C(=N/OC)\C1=CSC(N)=N1)C(O)=O,1992
DB01586,UDCA,Bile acids and derivatives,[H][C@@]1(CC[C@@]2([H])[C@]3([H])[C@@H](O)C[C@]4([H])C[C@H](O)CC[C@]4(C)[C@@]3([H])CC[C@]12C)[C@H](C)CCC(O)=O,2003
DB01589,quazepam,Benzodiazepine derivatives,FC1=CC=CC=C1C1=NCC(=S)N(CC(F)(F)F)C2=C1C=C(Cl)C=C2,1985
DB01590,everolimus,Protein kinase inhibitors,[H][C@@]1(C[C@@H](C)[C@]2([H])CC(=O)[C@H](C)\C=C(C)\[C@@H](O)[C@@H](OC)C(=O)[C@H](C)C[C@H](C)\C=C\C=C\C=C(C)\[C@H](C[C@]3([H])CC[C@@H](C)[C@@](O)(O3)C(=O)C(=O)N3CCCC[C@@]3([H])C(=O)O2)OC)CC[C@@H](OCCO)[C@@H](C1)OC,2009
DB01591,solifenacin,Alpha-adrenoreceptor antagonists,O=C(O[C@H]1CN2CCC1CC2)N1CCC2=CC=CC=C2[C@@H]1C1=CC=CC=C1,2004
DB01610,valganciclovir,Nucleosides and nucleotides excl. reverse transcriptase inhibitors,CC(C)[C@H](N)C(=O)OCC(CO)OCN1C=NC2=C1NC(N)=NC2=O,2002
DB01656,roflumilast,Other systemic drugs for obstructive airway diseases,FC(F)OC1=C(OCC2CC2)C=C(C=C1)C(=O)NC1=C(Cl)C=NC=C1Cl,2010
DB02300,calcipotriol,Other antipsoriatics for topical use,O[C@H](\C=C\[C@@H](C)[C@@]1([H])CC[C@@]2([H])\C(CCC[C@]12C)=C\C=C1\C[C@@H](O)C[C@H](O)C1=C)C1CC1,1991
DB02638,Terlipressin,Vasopressin and analogues,NCCCC[C@H](NC(=O)[C@@H]1CCCN1C(=O)[C@@H]1CSSC[C@H](NC(=O)CNC(=O)CNC(=O)CN)C(=O)N[C@@H](CC2=CC=C(O)C=C2)C(=O)N[C@@H](CC2=CC=CC=C2)C(=O)N[C@@H](CCC(N)=O)C(=O)N[C@@H](CC(N)=O)C(=O)N1)C(=O)NCC(N)=O,2001
DB02703,fusidic,Antibiotics,[H][C@@]12C[C@@H](O)[C@@]3([H])[C@@]4(C)CC[C@@H](O)[C@@H](C)[C@]4([H])CC[C@]3(C)[C@@]1(C)C[C@H](OC(C)=O)\C2=C(\CCC=C(C)C)C(O)=O,1979
DB04572,thiotepa,Ethylene imines,S=P(N1CC1)(N1CC1)N1CC1,1959
DB04835,maraviroc,Other antivirals,CC(C)C1=NN=C(C)N1[C@H]1C[C@@H]2CC[C@H](C1)N2CC[C@H](NC(=O)C1CCC(F)(F)CC1)C1=CC=CC=C1,2007
DB04844,tetrabenazine,Other nervous system drugs,COC1=C(OC)C=C2C3CC(=O)C(CC(C)C)CN3CCC2=C1,2008
DB04845,ixabepilone,Other cytotoxic antibiotics,[H][C@]12C[C@H](NC(=O)C[C@H](O)C(C)(C)C(=O)[C@H](C)[C@@H](O)[C@@H](C)CCC[C@@]1(C)O2)C(\C)=C\C1=CSC(C)=N1,2007
DB04854,febuxostat,Preparations inhibiting uric acid production,CC(C)COC1=C(C=C(C=C1)C1=NC(C)=C(S1)C(O)=O)C#N,2009
DB04855,dronedarone,"Antiarrhythmics, class III",CCCCN(CCCC)CCCOC1=CC=C(C=C1)C(=O)C1=C(CCCC)OC2=C1C=C(NS(C)(=O)=O)C=C2,2009
DB04861,nebivolol,"Angiotensin II receptor blockers (ARBs), other combinations",OC(CNCC(O)C1CCC2=C(O1)C=CC(F)=C2)C1CCC2=C(O1)C=CC(F)=C2,2007
DB04868,nilotinib,Protein kinase inhibitors,CC1=CN(C=N1)C1=CC(NC(=O)C2=CC=C(C)C(NC3=NC=CC(=N3)C3=CN=CC=C3)=C2)=CC(=C1)C(F)(F)F,2007
DB04871,lorcaserin,Centrally acting antiobesity products,C[C@H]1CNCCC2=CC=C(Cl)C=C12,2012
DB04876,vildagliptin,Combinations of oral blood glucose lowering drugs,OC12CC3CC(C1)CC(C3)(C2)NCC(=O)N1CCC[C@H]1C#N,2007
DB04895,pegaptanib,Antineovascularisation agents,COCCOC(=O)NCCCCC(C(=O)NCCCCCCCOP(=O)(C)O)NC(=O)OCCOC,2004
DB04896,milnacipran,Other antidepressants,CCN(CC)C(=O)C1(CC1CN)C1=CC=CC=C1,2009
DB04899,nesiritide,Other vasodilators used in cardiac diseases,CCC(C)C1C(=O)NC(C(=O)NC(C(=O)NC(C(=O)NC(C(=O)NCC(=O)NC(C(=O)NCC(=O)NC(CSSCC(C(=O)NC(C(=O)NCC(=O)NC(C(=O)NC(C(=O)NC(C(=O)NC(C(=O)NC(C(=O)N1)CCCNC(=N)N)CC(=O)O)CCSC)CCCCN)CCCNC(=N)N)CC2=CC=CC=C2)NC(=O)CNC(=O)C(CO)NC(=O)CNC(=O)C(CCC(=O)N)NC(=O)C(C(C)C)NC(=O)C(CCSC)NC(=O)C(CCCCN)NC(=O)C3CCCN3C(=O)C(CO)N)C(=O)NC(CCCCN)C(=O)NC(C(C)C)C(=O)NC(CC(C)C)C(=O)NC(CCCNC(=N)N)C(=O)NC(CCCNC(=N)N)C(=O)NC(CC4=CN=CN4)C(=O)O)CC(C)C)CO)CO)CO)CO,2001
DB04920,clevidipine,Dihydropyridine derivatives,CCCC(=O)OCOC(=O)C1=C(C)NC(C)=C(C1C1=CC=CC(Cl)=C1Cl)C(=O)OC,2008
DB04938,ospemifene,Selective estrogen receptor modulators,OCCOC1=CC=C(C=C1)C(=C(\CCCl)C1=CC=CC=C1)\C1=CC=CC=C1,2013
DB04946,iloperidone,Other antipsychotics,COC1=C(OCCCN2CCC(CC2)C2=NOC3=C2C=CC(F)=C3)C=CC(=C1)C(C)=O,2009
DB04953,retigabine,Other antiepileptics,CCOC(=O)NC1=C(N)C=C(NCC2=CC=C(F)C=C2)C=C1,2011
DB05015,belinostat,Other antineoplastic agents,ONC(=O)\C=C\C1=CC=CC(=C1)S(=O)(=O)NC1=CC=CC=C1,2014
DB05039,indacaterol,Adrenergics in combination with anticholinergics incl. triple combinations with corticosteroids,CCC1=C(CC)C=C2CC(CC2=C1)NC[C@H](O)C1=C2C=CC(=O)NC2=C(O)C=C1,2009
DB05109,trabectedin,Other plant alkaloids and natural products,[H][C@@]12[C@@H]3SC[C@]4(NCCC5=C4C=C(OC)C(O)=C5)C(=O)OC[C@H](N1[C@@H](O)[C@@H]1CC4=CC(C)=C(OC)C(O)=C4[C@H]2N1C)C1=C2OCOC2=C(C)C(OC(C)=O)=C31,2007
DB05271,rotigotine,Dopamine agonists,CCCN(CCC1=CC=CS1)[C@H]1CCC2=C(O)C=CC=C2C1,2006
DB05294,vandetanib,Protein kinase inhibitors,COC1=C(OCC2CCN(C)CC2)C=C2N=CN=C(NC3=C(F)C=C(Br)C=C3)C2=C1,2011
DB05311,ecallantide,Drugs used in hereditary angioedema,CCC(C)C1C(=O)NC(C(=O)NCC(=O)NCC(=O)NC2CSSCC3C(=O)NC(C(=O)NC(C(=O)NC(C(=O)NC(C(=O)N4CCCC4C(=O)NC(C(=O)NC(C(=O)NC(C(=O)NC(C(=O)NC(C(=O)NC(C(=O)NC(C(=O)NC(C(=O)NC(C(=O)NC(C(=O)NC(CSSCC(C(=O)NC(C(=O)NC(C(=O)NC(C(=O)NC(CSSCC(C(=O)NC(C(=O)NC(C(=O)NC(C(=O)NC(C(=O)NC(C(=O)NC(C(=O)NCC(=O)N5CCCC5C(=O)N3)CC(=O)O)CC(=O)O)C)CCCCN)CC6=CC=CC=C6)C)NC(=O)C(CC7=CC=CC=C7)NC(=O)C(CO)NC(=O)C(CC8=CN=CN8)NC(=O)C(CCSC)NC(=O)C(C)NC(=O)C(CCC(=O)O)N)C(=O)NC(C(C)O)C(=O)NC(CCCNC(=N)N)C(=O)NC(CC(=O)O)C(=O)O)CCSC)CCCCN)CCCCN)NC(=O)C(NC(=O)C(NC(=O)C(NC(=O)C(NC(=O)C(NC(=O)C(NC(=O)C(NC(=O)C(NC(=O)C(NC(=O)C(NC(=O)CNC(=O)C(NC2=O)CCC(=O)O)CC(=O)N)CCC(=O)N)CC(=O)N)CCCNC(=N)N)CC9=CC=CC=C9)CCC(=O)O)CO)CC(C)C)CCC(=O)O)CCC(=O)O)C(=O)NC(C(=O)NC(C(=O)NC(C(=O)N1)CC1=CC=CC=C1)CCC(=O)O)CCC(=O)O)CCC(=O)N)CCCNC(=N)N)C(C)O)CC1=CC=CC=C1)C(C)CC)CC(=O)N)CC1=CC=CC=C1)CC1=CC=CC=C1)CC1=CNC2=CC=CC=C21)CCCNC(=N)N)CC1=CN=CN1)C)C)CCCNC(=N)N)CC1=CC=C(C=C1)O,2009
DB05528,mipomersen,Other lipid modifying agents,COCCO[C@@H]1[C@H](O)[C@@H](COP(S)(=O)O[C@@H]2[C@@H](COP(S)(=O)O[C@@H]3[C@@H](COP(S)(=O)O[C@@H]4[C@@H](COP(S)(=O)O[C@@H]5[C@@H](COP(S)(=O)O[C@H]6C[C@@H](O[C@@H]6COP(S)(=O)O[C@H]6C[C@@H](O[C@@H]6COP(S)(=O)O[C@H]6C[C@@H](O[C@@H]6COP(S)(=O)O[C@H]6C[C@@H](O[C@@H]6COP(S)(=O)O[C@H]6C[C@@H](O[C@@H]6COP(S)(=O)O[C@H]6C[C@@H](O[C@@H]6COP(S)(=O)O[C@H]6C[C@@H](O[C@@H]6COP(S)(=O)O[C@H]6C[C@@H](O[C@@H]6COP(S)(=O)O[C@H]6C[C@@H](O[C@@H]6COP(S)(=O)O[C@H]6C[C@@H](O[C@@H]6COP(S)(=O)O[C@@H]6[C@@H](COP(S)(=O)O[C@@H]7[C@@H](COP(S)(=O)O[C@@H]8[C@@H](COP(S)(=O)O[C@@H]9[C@@H](COP(S)(=O)O[C@@H]%10[C@@H](CO)O[C@H]([C@@H]%10OCCOC)N%10C=NC%11=C%10N=C(N)NC%11=O)O[C@H]([C@@H]9OCCOC)N9C=C(C)C(N)=NC9=O)O[C@H]([C@@H]8OCCOC)N8C=C(C)C(N)=NC8=O)O[C@H]([C@@H]7OCCOC)N7C=C(C)C(=O)NC7=O)O[C@H]([C@@H]6OCCOC)N6C=C(C)C(N)=NC6=O)N6C=NC7=C6N=CN=C7N)N6C=NC7=C6N=C(N)NC7=O)N6C=C(C)C(=O)NC6=O)N6C=C(C)C(N)=NC6=O)N6C=C(C)C(=O)NC6=O)N6C=NC7=C6N=C(N)NC7=O)N6C=C(C)C(N)=NC6=O)N6C=C(C)C(=O)NC6=O)N6C=C(C)C(=O)NC6=O)N6C=C(C)C(N)=NC6=O)O[C@H]([C@@H]5OCCOC)N5C=NC6=C5N=C(N)NC6=O)O[C@H]([C@@H]4OCCOC)N4C=C(C)C(N)=NC4=O)O[C@H]([C@@H]3OCCOC)N3C=NC4=C3N=CN=C4N)O[C@H]([C@@H]2OCCOC)N2C=C(C)C(N)=NC2=O)O[C@H]1N1C=C(C)C(N)=NC1=O,2013
DB05676,apremilast,Selective immunosuppressants,CCOC1=CC(=CC=C1OC)[C@@H](CS(C)(=O)=O)N1C(=O)C2=CC=CC(NC(C)=O)=C2C1=O,2014
DB06176,Romidepsin,Other antineoplastic agents,C\C=C1/NC(=O)[C@H]2CSSCC\C=C\[C@H](CC(=O)N[C@H](C(C)C)C(=O)N2)OC(=O)[C@@H](NC1=O)C(C)C,2009
DB06196,Hoe,Drugs used in hereditary angioedema,[H][C@]12C[C@]([H])(N(C(=O)[C@@]3([H])CC4=C(CN3C(=O)[C@H](CO)NC(=O)[C@H](CC3=CC=CS3)NC(=O)CNC(=O)[C@]3([H])C[C@@H](O)CN3C(=O)[C@@H]3CCCN3C(=O)[C@H](CCCNC(N)=N)NC(=O)[C@H](N)CCCNC(N)=N)C=CC=C4)[C@@]1([H])CCCC2)C(=O)N[C@@H](CCCNC(N)=N)C(O)=O,1982
DB06201,rufinamide,Carboxamide derivatives,NC(=O)C1=CN(CC2=C(F)C=CC=C2F)N=N1,2007
DB06203,alogliptin,Combinations of oral blood glucose lowering drugs,CN1C(=O)C=C(N2CCC[C@@H](N)C2)N(CC2=C(C=CC=C2)C#N)C1=O,2013
DB06204,tapentadol,Other opioids,CC[C@H]([C@@H](C)CN(C)C)C1=CC(O)=CC=C1,2008
DB06207,silodosin,Alpha-adrenoreceptor antagonists,C[C@H](CC1=CC2=C(N(CCCO)CC2)C(=C1)C(N)=O)NCCOC1=CC=CC=C1OCC(F)(F)F,2008
DB06209,prasugrel,Platelet aggregation inhibitors excl. heparin,CC(=O)OC1=CC2=C(CCN(C2)C(C(=O)C2CC2)C2=CC=CC=C2F)S1,2009
DB06210,eltrombopag,Other systemic hemostatics,CC1=NN(C(=O)\C1=N/NC1=CC=CC(C2=CC=CC(=C2)C(O)=O)=C1O)C1=CC=C(C)C(C)=C1,2008
DB06211,doripenem,Carbapenems,[H][C@]12[C@@H](C)C(S[C@@H]3CN[C@H](CNS(N)(=O)=O)C3)=C(N1C(=O)[C@]2([H])[C@@H](C)O)C(O)=O,2007
DB06212,tolvaptan,Vasopressin antagonists,CC1=CC=CC=C1C(=O)NC1=CC(C)=C(C=C1)C(=O)N1CCC[C@@H](O)C2=C1C=CC(Cl)=C2,2009
DB06213,regadenoson,Other cardiac preparations,CNC(=O)C1=CN(N=C1)C1=NC2=C(N=CN2[C@@H]2O[C@H](CO)[C@@H](O)[C@H]2O)C(N)=N1,2008
DB06216,asenapine,"Diazepines, oxazepines, thiazepines and oxepines",OC(=O)\C=C/C(O)=O.CN1CC2C(C1)C1=C(OC3=CC=CC=C23)C=CC(Cl)=C1,2009
DB06218,lacosamide,Other antiepileptics,COC[C@@H](NC(C)=O)C(=O)NCC1=CC=CC=C1,2008
DB06228,rivaroxaban,Direct factor Xa inhibitors,ClC1=CC=C(S1)C(=O)NC[C@H]1CN(C(=O)O1)C1=CC=C(C=C1)N1CCOCC1=O,2008
DB06230,nalmefene,Drugs used in alcohol dependence,[H][C@@]12OC3=C(O)C=CC4=C3[C@@]11CCN(CC3CC3)[C@]([H])(C4)[C@]1(O)CCC2=C,2013
DB06237,avanafil,Drugs used in erectile dysfunction,COC1=C(Cl)C=C(CNC2=C(C=NC(=N2)N2CCC[C@H]2CO)C(=O)NCC2=NC=CC=N2)C=C1,2012
DB06285,Forteo,Parathyroid hormones and analogues,CCC(C)C(C(=O)NC(CCC(=O)N)C(=O)NC(CC(C)C)C(=O)NC(CCSC)C(=O)NC(CC1=CNC=N1)C(=O)NC(CC(=O)N)C(=O)NC(CC(C)C)C(=O)NCC(=O)NC(CCCCN)C(=O)NC(CC2=CNC=N2)C(=O)NC(CC(C)C)C(=O)NC(CC(=O)N)C(=O)NC(CO)C(=O)NC(CCSC)C(=O)NC(CCC(=O)O)C(=O)NC(CCCNC(=N)N)C(=O)NC(C(C)C)C(=O)NC(CCC(=O)O)C(=O)NC(CC3=CNC4=CC=CC=C43)C(=O)NC(CC(C)C)C(=O)NC(CCCNC(=N)N)C(=O)NC(CCCCN)C(=O)NC(CCCCN)C(=O)NC(CC(C)C)C(=O)NC(CCC(=O)N)C(=O)NC(CC(=O)O)C(=O)NC(C(C)C)C(=O)NC(CC5=CNC=N5)C(=O)NC(CC(=O)N)C(=O)NC(CC6=CC=CC=C6)C(=O)O)NC(=O)C(CCC(=O)O)NC(=O)C(CO)NC(=O)C(C(C)C)NC(=O)C(CO)N,1987
DB06287,temsirolimus,Protein kinase inhibitors,OCC(C)(CO)C(=O)O[C@@H]1CC[C@@H](C[C@@H](C)[C@]2([H])CC(=O)[C@H](C)\C=C(C)\[C@@H](O)[C@@H](OC)C(=O)[C@H](C)C[C@H](C)\C=C\C=C\C=C(C)\[C@@H](OC)C[C@]3([H])CC[C@@H](C)[C@@](O)(O3)C(=O)C(=O)N3CCCC[C@H]3C(=O)O2)C[C@H]1OC,2007
DB06290,TMC435,Antivirals for treatment of HCV infections,[H][C@]12C[C@]1(NC(=O)[C@]1([H])C[C@H](C[C@@]1([H])C(=O)N(C)CCCC\C=C/2)OC1=CC(=NC2=C1C=CC(OC)=C2C)C1=NC(=CS1)C(C)C)C(=O)NS(=O)(=O)C1CC1,2013
DB06292,dapagliflozin,Combinations of oral blood glucose lowering drugs,CCOC1=CC=C(CC2=C(Cl)C=CC(=C2)[C@@H]2O[C@H](CO)[C@@H](O)[C@H](O)[C@H]2O)C=C1,2012
DB06335,Saxagliptin,Combinations of oral blood glucose lowering drugs,[H][C@@]12C[C@]1([H])N([C@@H](C2)C#N)C(=O)[C@@H](N)C12CC3CC(CC(O)(C3)C1)C2,2009
DB06401,bazedoxifene,"Estrogens, combinations with other drugs",CC1=C(N(CC2=CC=C(OCCN3CCCCCC3)C=C2)C2=C1C=C(O)C=C2)C1=CC=C(O)C=C1,2009
DB06403,ambrisentan,Antihypertensives for pulmonary arterial hypertension,COC([C@H](OC1=NC(C)=CC(C)=N1)C(O)=O)(C1=CC=CC=C1)C1=CC=CC=C1,2007
DB06410,doxercalciferol,Other anti-parathyroid agents,[H][C@@]1(CC[C@@]2([H])\C(CCC[C@]12C)=C\C=C1\C[C@@H](O)C[C@H](O)C1=C)[C@H](C)\C=C\[C@H](C)C(C)C,2000
DB06414,etravirine,Non-nucleoside reverse transcriptase inhibitors,CC1=CC(=CC(C)=C1OC1=C(Br)C(N)=NC(NC2=CC=C(C=C2)C#N)=N1)C#N,2008
DB06480,prucalopride,Other drugs for constipation,COCCCN1CCC(CC1)NC(=O)C1=C2OCCC2=C(N)C(Cl)=C1,2009
DB06589,pazopanib,Protein kinase inhibitors,CN(C1=CC2=NN(C)C(C)=C2C=C1)C1=CC=NC(NC2=CC=C(C)C(=C2)S(N)(=O)=O)=N1,2009
DB06594,agomelatine,Other antidepressants,COC1=CC2=C(C=CC=C2CCNC(C)=O)C=C1,2009
DB06605,apixaban,Direct factor Xa inhibitors,COC1=CC=C(C=C1)N1N=C(C(N)=O)C2=C1C(=O)N(CC2)C1=CC=C(C=C1)N1CCCCC1=O,2011
DB06616,bosutinib,Protein kinase inhibitors,COC1=CC(NC2=C(C=NC3=CC(OCCCN4CCN(C)CC4)=C(OC)C=C23)C#N)=C(Cl)C=C1Cl,2012
DB06626,axitinib,Protein kinase inhibitors,CNC(=O)C1=C(SC2=CC=C3C(NN=C3\C=C\C3=CC=CC=N3)=C2)C=CC=C1,2012
DB06637,4-AP,Other nervous system drugs,NC1=CC=NC=C1,2010
DB06655,liraglutide,Glucagon-like peptide-1 (GLP-1) analogues,CCCCCCCCCCCCCCCC(=O)NC(CCC(=O)NCCCCC(C(=O)NC(CCC(=O)O)C(=O)NC(CC1=CC=CC=C1)C(=O)NC(C(C)CC)C(=O)NC(C)C(=O)NC(CC2=CNC3=CC=CC=C32)C(=O)NC(CC(C)C)C(=O)NC(C(C)C)C(=O)NC(CCCNC(=N)N)C(=O)NCC(=O)NC(CCCNC(=N)N)C(=O)NCC(=O)O)NC(=O)C(C)NC(=O)C(C)NC(=O)C(CCC(=O)N)NC(=O)CNC(=O)C(CCC(=O)O)NC(=O)C(CC(C)C)NC(=O)C(CC4=CC=C(C=C4)O)NC(=O)C(CO)NC(=O)C(CO)NC(=O)C(C(C)C)NC(=O)C(CC(=O)O)NC(=O)C(CO)NC(=O)C(C(C)O)NC(=O)C(CC5=CC=CC=C5)NC(=O)C(C(C)O)NC(=O)CNC(=O)C(CCC(=O)O)NC(=O)C(C)NC(=O)C(CC6=CN=CN6)N)C(=O)O,2009
DB06684,vilazodone,Other antidepressants,NC(=O)C1=CC2=CC(=CC=C2O1)N1CCN(CCCCC2=CNC3=C2C=C(C=C3)C#N)CC1,2011
DB06698,betahistine,Antivertigo preparations,CNCCC1=CC=CC=N1,1970
DB06699,degarelix,Other hormone antagonists and related agents,CC(C)C[C@H](NC(=O)[C@@H](CC1=CC=C(NC(N)=O)C=C1)NC(=O)[C@H](CC1=CC=C(NC(=O)[C@@H]2CC(=O)NC(=O)N2)C=C1)NC(=O)[C@H](CO)NC(=O)[C@@H](CC1=CC=CN=C1)NC(=O)[C@@H](CC1=CC=C(Cl)C=C1)NC(=O)[C@@H](CC1=CC=C2C=CC=CC2=C1)NC(C)=O)C(=O)N[C@@H](CCCCNC(C)C)C(=O)N1CCC[C@H]1C(=O)N[C@H](C)C(N)=O,2008
DB06700,desvenlafaxine,Other antidepressants,CN(C)CC(C1=CC=C(O)C=C1)C1(O)CCCCC1,2008
DB06702,fesoterodine,Drugs for urinary frequency and incontinence,CC(C)N(CC[C@H](C1=CC=CC=C1)C1=C(OC(=O)C(C)C)C=CC(CO)=C1)C(C)C,2007
DB06711,naphazoline,Sympathomimetics used as decongestants,C(C1=NCCN1)C1=CC=CC2=CC=CC=C12,1971
DB06772,cabazitaxel,Taxanes,[H][C@]12[C@H](OC(=O)C3=CC=CC=C3)[C@]3(O)C[C@H](OC(=O)[C@H](O)[C@@H](NC(=O)OC(C)(C)C)C4=CC=CC=C4)C(C)=C([C@@H](OC)C(=O)[C@]1(C)[C@H](C[C@H]1OC[C@@]21OC(C)=O)OC)C3(C)C,2010
DB06774,capsaicin,Capsaicin and similar agents,COC1=C(O)C=CC(CNC(=O)CCCC\C=C\C(C)C)=C1,2009
DB06775,N-carbamylglutamate,Amino acids and derivatives,NC(=O)N[C@@H](CCC(O)=O)C(O)=O,2003
DB06788,Histrelin,Gonadotropin releasing hormone analogues,CC(O)=O.CC(O)=O.CCNC(=O)[C@@H]1CCCN1C(=O)[C@H](CCCNC(N)=N)NC(=O)[C@H](CC(C)C)NC(=O)[C@@H](CC1=CN(CC2=CC=CC=C2)C=N1)NC(=O)[C@H](CC1=CC=C(O)C=C1)NC(=O)[C@H](CO)NC(=O)[C@H](CC1=CNC2=C1C=CC=C2)NC(=O)[C@H](CC1=CNC=N1)NC(=O)[C@@H]1CCC(=O)N1,1991
DB06791,lanreotide,Somatostatin and analogues,[H]N([H])CCCCC1N([H])C(=O)C(CC2=CN([H])C3=CC=CC=C23)N([H])C(=O)C(CC2=CC=C(O)C=C2)N([H])C(=O)C(CSSCC(N([H])C(=O)C(N([H])C1=O)C(C)C)C(=O)N([H])C(C(C)O)C(=O)N([H])[H])N([H])C(=O)C(CC1=CC2=CC=CC=C2C=C1)N([H])[H],2001
DB06795,mafenide,Sulfonamides,NCC1=CC=C(C=C1)S(N)(=O)=O,1969
DB06800,methylnaltrexone,Peripheral opioid receptor antagonists,C[N@+]1(CC2CC2)CC[C@]23[C@H]4OC5=C(O)C=CC(C[C@@H]1[C@]2(O)CCC4=O)=C35,2008
DB06802,nepafenac,"Antiinflammatory agents, non-steroids",NC(=O)CC1=CC=CC(C(=O)C2=CC=CC=C2)=C1N,2005
DB06809,AMD3100,Other immunostimulants,C(N1CCCNCCNCCCNCC1)C1=CC=C(CN2CCCNCCNCCCNCC2)C=C1,2008
DB06813,pralatrexate,Folic acid analogues,NC1=NC2=NC=C(CC(CC#C)C3=CC=C(C=C3)C(=O)N[C@@H](CCC(O)=O)C(O)=O)N=C2C(N)=N1,2009
DB06817,raltegravir,"Antivirals for treatment of HIV infections, combinations",CN1C(=O)C(O)=C(N=C1C(C)(C)NC(=O)C1=NN=C(C)O1)C(=O)NCC1=CC=C(F)C=C1,2007
DB06825,Triptorelin,Gonadotropin releasing hormone analogues,CC(C)C[C@H](NC(=O)[C@@H](CC1=CNC2=CC=CC=C12)NC(=O)[C@H](CC1=CC=C(O)C=C1)NC(=O)[C@H](CO)NC(=O)[C@H](CC1=CNC2=C1C=CC=C2)NC(=O)[C@H](CC1=CNC=N1)NC(=O)[C@@H]1CCC(=O)N1)C(=O)N[C@@H](CCCNC(N)=N)C(=O)N1CCC[C@H]1C(=O)NCC(N)=O,2001
DB08815,lurasidone,Indole derivatives,[H][C@@]12[C@H]3CC[C@H](C3)[C@]1([H])C(=O)N(C[C@@H]1CCCC[C@H]1CN1CCN(CC1)C1=NSC3=CC=CC=C13)C2=O,2010
DB08816,ticagrelor,Platelet aggregation inhibitors excl. heparin,CCCSC1=NC2=C(N=NN2[C@@H]2C[C@H](OCCO)[C@@H](O)[C@H]2O)C(N[C@@H]2C[C@H]2C2=CC(F)=C(F)C=C2)=N1,2010
DB08819,tafluprost,Prostaglandin analogues,CC(C)OC(=O)CCC\C=C/C[C@H]1[C@@H](O)C[C@@H](O)[C@@H]1\C=C\C(F)(F)COC1=CC=CC=C1,2012
DB08820,ivacaftor,Other respiratory system products,CC(C)(C)C1=CC(=C(O)C=C1NC(=O)C1=CNC2=CC=CC=C2C1=O)C(C)(C)C,2012
DB08822,azilsartan,Angiotensin II receptor blockers (ARBs) and diuretics,CCOC1=NC2=C(N1CC1=CC=C(C=C1)C1=CC=CC=C1C1=NOC(=O)N1)C(=CC=C2)C(=O)OCC1=C(C)OC(=O)O1,2011
DB08826,deferiprone,Iron chelating agents,CN1C=CC(=O)C(O)=C1C,1999
DB08828,vismodegib,Other antineoplastic agents,CS(=O)(=O)C1=CC(Cl)=C(C=C1)C(=O)NC1=CC=C(Cl)C(=C1)C1=CC=CC=N1,2012
DB08860,pitavastatin,HMG CoA reductase inhibitors,O[C@H](C[C@H](O)\C=C\C1=C(N=C2C=CC=CC2=C1C1=CC=C(F)C=C1)C1CC1)CC(O)=O,2009
DB08864,rilpivirine,"Antivirals for treatment of HIV infections, combinations",CC1=CC(\C=C\C#N)=CC(C)=C1NC1=CC=NC(NC2=CC=C(C=C2)C#N)=N1,2011
DB08865,crizotinib,Protein kinase inhibitors,C[C@@H](OC1=CC(=CN=C1N)C1=CN(N=C1)C1CCNCC1)C1=C(Cl)C=CC(F)=C1Cl,2011
DB08867,ulipristal,Emergency contraceptives,CN(C)C1=CC=C(C=C1)[C@H]1C[C@@]2(C)[C@@H](CC[C@]2(O)C(C)=O)[C@@H]2CCC3=CC(=O)CCC3=C12,2009
DB08869,tesamorelin,Somatropin and somatropin agonists,CC\C=C\CC(=O)N[C@@H](CC1=CC=C(O)C=C1)C(=O)N[C@@H](C)C(=O)N[C@@H](CC(O)=O)C(=O)N[C@@H](C)C(=O)N[C@@H](C(C)CC)C(=O)N[C@@H](CC1=CC=CC=C1)C(=O)N[C@@H](C(C)O)C(=O)N[C@@H](CC(N)=O)C(=O)N[C@@H](CO)C(=O)N[C@@H](CC1=CC=C(O)C=C1)C(=O)N[C@@H](CCCNC(N)=N)C(=O)N[C@@H](CCCCN)C(=O)N[C@@H](C(C)C)C(=O)N[C@@H](CC(C)C)C(=O)NCC(=O)N[C@@H](CCC(N)=O)C(=O)N[C@@H](CC(C)C)C(=O)N[C@@H](CO)C(=O)N[C@@H](C)C(=O)N[C@@H](CCCNC(N)=N)C(=O)N[C@@H](CCCCN)C(=O)N[C@@H](CC(C)C)C(=O)N[C@@H](CC(C)C)C(=O)N[C@@H](CCC(N)=O)C(=O)N[C@@H](CC(O)=O)C(=O)N[C@@H](C(C)CC)C(=O)N[C@@H](CCSC)C(=O)N[C@@H](CO)C(=O)N[C@@H](CCCNC(N)=N)C(=O)N[C@@H](CCC(N)=O)C(=O)N[C@@H](CCC(N)=O)C(=O)NCC(=O)N[C@@H](CCC(N)=O)C(=O)N[C@@H](CO)C(=O)N[C@@H](CC(N)=O)C(=O)N[C@@H](CCC(N)=O)C(=O)N[C@@H](CCCNC(N)=N)C(=O)NCC(=O)N[C@@H](C)C(=O)N[C@@H](CCCNC(N)=N)C(=O)N[C@@H](C)C(=O)N[C@@H](CCCNC(N)=N)C(=O)N[C@@H](CC(C)C)C(N)=O,2010
DB08871,eribulin,Other antineoplastic agents,[H][C@@]12CC(=C)[C@]([H])(CC[C@@]3([H])C[C@@H](C)C(=C)[C@@]([H])(C[C@]4([H])O[C@H](C[C@H](O)CN)[C@H](OC)[C@@]4([H])CC(=O)C[C@@]4([H])CC[C@]5([H])O[C@@]6([H])[C@H]7O[C@@]8(C[C@]7([H])O[C@@]6([H])[C@@]([H])(O8)[C@@]5([H])O4)CC1)O3)O2,2010
DB08873,boceprevir,Antivirals for treatment of HCV infections,[H][C@]12CN([C@H](C(=O)NC(CC3CCC3)C(=O)C(N)=O)[C@@]1([H])C2(C)C)C(=O)[C@@H](NC(=O)NC(C)(C)C)C(C)(C)C,2011
DB08874,fidaxomicin,Antibiotics,[H][C@@]1(O[C@@H]2[C@@H](CC)\C=C(C)\[C@@H](O)C\C=C\C=C(CO[C@@H]3O[C@H](C)[C@@H](OC(=O)C4=C(CC)C(Cl)=C(O)C(Cl)=C4O)[C@H](O)[C@@H]3OC)\C(=O)O[C@@H](C\C=C(/C)\C=C2/C)[C@@H](C)O)OC(C)(C)[C@@H](OC(=O)C(C)C)[C@H](O)[C@@H]1O,2011
DB08875,cabozantinib,Protein kinase inhibitors,COC1=CC2=C(C=C1OC)C(OC1=CC=C(NC(=O)C3(CC3)C(=O)NC3=CC=C(F)C=C3)C=C1)=CC=N2,2012
DB08877,ruxolitinib,Protein kinase inhibitors,N#CC[C@H](C1CCCC1)N1C=C(C=N1)C1=C2C=CNC2=NC=N1,2011
DB08880,A77,Selective immunosuppressants,C\C(O)=C(/C#N)C(=O)NC1=CC=C(C=C1)C(F)(F)F,2012
DB08881,vemurafenib,Protein kinase inhibitors,CCCS(=O)(=O)NC1=C(F)C(C(=O)C2=CNC3=NC=C(C=C23)C2=CC=C(Cl)C=C2)=C(F)C=C1,2011
DB08882,linagliptin,Combinations of oral blood glucose lowering drugs,CC#CCN1C(=NC2=C1C(=O)N(CC1=NC3=C(C=CC=C3)C(C)=N1)C(=O)N2C)N1CCC[C@@H](N)C1,2011
DB08883,perampanel,Other antiepileptics,O=C1N(C=C(C=C1C1=CC=CC=C1C#N)C1=NC=CC=C1)C1=CC=CC=C1,2012
DB08889,Carfilzomib,Other antineoplastic agents,CC(C)C[C@H](NC(=O)[C@H](CCC1=CC=CC=C1)NC(=O)CN1CCOCC1)C(=O)N[C@@H](CC1=CC=CC=C1)C(=O)N[C@@H](CC(C)C)C(=O)[C@@]1(C)CO1,2012
DB08890,linaclotide,Other drugs for constipation,[H][C@]1(CSSC[C@]2([H])NC(=O)[C@H](CC3=CC=C(O)C=C3)NC(=O)[C@H](CCC(O)=O)NC(=O)[C@@H]3CSSC[C@H](NC(=O)[C@H](C)NC(=O)[C@@H]4CCCN4C(=O)[C@H](CC(N)=O)NC(=O)[C@H](CSSC[C@H](N)C(=O)N3)NC2=O)C(=O)N[C@@]([H])([C@@H](C)O)C(=O)NCC(=O)N1)C(=O)N[C@@H](CC1=CC=C(O)C=C1)C(O)=O,2012
DB08893,mirabegron,Drugs for urinary frequency and incontinence,NC1=NC(CC(=O)NC2=CC=C(CCNC[C@H](O)C3=CC=CC=C3)C=C2)=CS1,2012
DB08895,tofacitinib,Selective immunosuppressants,C[C@@H]1CCN(C[C@@H]1N(C)C1=NC=NC2=C1C=CN2)C(=O)CC#N,2012
DB08896,regorafenib,Protein kinase inhibitors,CNC(=O)C1=CC(OC2=CC(F)=C(NC(=O)NC3=CC=C(Cl)C(=C3)C(F)(F)F)C=C2)=CC=N1,2012
DB08897,aclidinium,Adrenergics in combination with anticholinergics incl. triple combinations with corticosteroids,OC(C(=O)O[C@H]1C[N+]2(CCCOC3=CC=CC=C3)CCC1CC2)(C1=CC=CS1)C1=CC=CS1,2012
DB08899,MDV3100,Anti-androgens,CNC(=O)C1=C(F)C=C(C=C1)N1C(=S)N(C(=O)C1(C)C)C1=CC=C(C#N)C(=C1)C(F)(F)F,2012
DB08900,teduglutide,Various alimentary tract and metabolism products,CCC(C)C(C(=O)NC(C(C)O)C(=O)NC(CC(=O)O)C(=O)O)NC(=O)C(CCCCN)NC(=O)C(C(C)O)NC(=O)C(CCC(=O)N)NC(=O)C(C(C)CC)NC(=O)C(CC(C)C)NC(=O)C(CC1=CNC2=CC=CC=C21)NC(=O)C(CC(=O)N)NC(=O)C(C(C)CC)NC(=O)C(CC3=CC=CC=C3)NC(=O)C(CC(=O)O)NC(=O)C(CCCNC(=N)N)NC(=O)C(C)NC(=O)C(C)NC(=O)C(CC(C)C)NC(=O)C(CC(=O)N)NC(=O)C(CC(=O)O)NC(=O)C(CC(C)C)NC(=O)C(C(C)CC)NC(=O)C(C(C)O)NC(=O)C(CC(=O)N)NC(=O)C(CCSC)NC(=O)C(CCC(=O)O)NC(=O)C(CC(=O)O)NC(=O)C(CO)NC(=O)C(CC4=CC=CC=C4)NC(=O)C(CO)NC(=O)CNC(=O)C(CC(=O)O)NC(=O)CNC(=O)C(CC5=CN=CN5)N,2012
DB08901,ponatinib,Protein kinase inhibitors,CN1CCN(CC2=CC=C(NC(=O)C3=CC(C#CC4=CN=C5C=CC=NN45)=C(C)C=C3)C=C2C(F)(F)F)CC1,2012
DB08903,TMC207,Other drugs for treatment of tuberculosis,COC1=NC2=C(C=C(Br)C=C2)C=C1[C@@H](C1=CC=CC=C1)[C@@](O)(CCN(C)C)C1=CC=CC2=C1C=CC=C2,2012
DB08907,canagliflozin,Combinations of oral blood glucose lowering drugs,[H][C@]1(O[C@H](CO)[C@@H](O)[C@H](O)[C@H]1O)C1=CC=C(C)C(CC2=CC=C(S2)C2=CC=C(F)C=C2)=C1,2013
DB08910,pomalidomide,Other immunosuppressants,NC1=CC=CC2=C1C(=O)N(C1CCC(=O)NC1=O)C2=O,2013
DB08911,trametinib,Protein kinase inhibitors,CN1C(=O)C(C)=C2N(C(=O)N(C3CC3)C(=O)C2=C1NC1=CC=C(I)C=C1F)C1=CC(NC(C)=O)=CC=C1,2013
DB08912,dabrafenib,Protein kinase inhibitors,CC(C)(C)C1=NC(=C(S1)C1=NC(N)=NC=C1)C1=C(F)C(NS(=O)(=O)C2=C(F)C=CC=C2F)=CC=C1,2013
DB08916,afatinib,Protein kinase inhibitors,CN(C)C\C=C\C(=O)NC1=C(O[C@H]2CCOC2)C=C2N=CN=C(NC3=CC(Cl)=C(F)C=C3)C2=C1,2013
DB08930,dolutegravir,"Antivirals for treatment of HIV infections, combinations",[H][C@]12CN3C=C(C(=O)NCC4=CC=C(F)C=C4F)C(=O)C(O)=C3C(=O)N1[C@H](C)CCO2,2013
DB08931,riociguat,Antihypertensives for pulmonary arterial hypertension,COC(=O)N(C)C1=C(N)N=C(N=C1N)C1=NN(CC2=C(F)C=CC=C2)C2=C1C=CC=N2,2013
DB08932,macitentan,Antihypertensives for pulmonary arterial hypertension,CCCNS(=O)(=O)NC1=C(C(OCCOC2=NC=C(Br)C=N2)=NC=N1)C1=CC=C(Br)C=C1,2013
DB08933,luliconazole,Imidazole and triazole derivatives,ClC1=CC(Cl)=C(C=C1)[C@@H]1CS\C(S1)=C(\C#N)N1C=CN=C1,2013
DB08934,sofosbuvir,Antivirals for treatment of HCV infections,CC(C)OC(=O)[C@H](C)N[P@](=O)(OC[C@H]1O[C@@H](N2C=CC(=O)NC2=O)[C@](C)(F)[C@@H]1O)OC1=CC=CC=C1,2013
DB09026,aliskiren,"Angiotensin II receptor blockers (ARBs), other combinations",COCCCOC1=C(OC)C=CC(C[C@@H](C[C@H](N)[C@@H](O)C[C@@H](C(C)C)C(=O)NCC(C)(C)C(N)=O)C(C)C)=C1,2007
DB09030,vorapaxar,Platelet aggregation inhibitors excl. heparin,[H][C@@]12C[C@]3([H])C[C@@H](CC[C@@]3([H])[C@H](\C=C\C3=CC=C(C=N3)C3=CC(F)=CC=C3)[C@]1([H])[C@@H](C)OC2=O)NC(=O)OCC,2014
DB09034,suvorexant,Other hypnotics and sedatives,[H][C@@]1(C)CCN(CCN1C(=O)C1=C(C=CC(C)=C1)N1N=CC=N1)C1=NC2=C(O1)C=CC(Cl)=C2,2014
DB09038,empagliflozin,Combinations of oral blood glucose lowering drugs,OC[C@H]1O[C@H]([C@H](O)[C@@H](O)[C@@H]1O)C1=CC=C(Cl)C(CC2=CC=C(O[C@H]3CCOC3)C=C2)=C1,2014
DB09039,eliglustat,Various alimentary tract and metabolism products,CCCCCCCC(=O)N[C@H](CN1CCCC1)[C@H](O)C1=CC=C2OCCOC2=C1,2014
DB09053,PCI-32765,Protein kinase inhibitors,NC1=NC=NC2=C1C(=NN2[C@@H]1CCCN(C1)C(=O)C=C)C1=CC=C(OC2=CC=CC=C2)C=C1,2013
DB09059,atosiban,Other gynecologicals,[H][C@]1(NC(=O)[C@@]([H])(NC(=O)[C@@H](CC2=CC=C(OCC)C=C2)NC(=O)CCSSC[C@H](NC(=O)[C@H](CC(N)=O)NC1=O)C(=O)N1CCC[C@H]1C(=O)N[C@@H](CCCN)C(=O)NCC(N)=O)[C@@H](C)CC)[C@@H](C)O,2000
DB09071,tasimelteon,Melatonin receptor agonists,CCC(=O)NC[C@@H]1C[C@H]1C1=CC=CC2=C1CCO2,2014
DB09076,umeclidinium,Adrenergics in combination with anticholinergics incl. triple combinations with corticosteroids,OC(C1=CC=CC=C1)(C1=CC=CC=C1)C12CC[N+](CCOCC3=CC=CC=C3)(CC1)CC2,2013
DB09080,olodaterol,Adrenergics in combination with anticholinergics incl. triple combinations with corticosteroids,COC1=CC=C(CC(C)(C)NC[C@H](O)C2=C3OCC(=O)NC3=CC(O)=C2)C=C1,2014
DB09101,elvitegravir,"Antivirals for treatment of HIV infections, combinations",[H][C@@](CO)(C(C)C)N1C=C(C(O)=O)C(=O)C2=C1C=C(OC)C(CC1=C(F)C(Cl)=CC=C1)=C2,2013
DB09149,florbetapir,Other central nervous system diagnostic radiopharmaceuticals,[H]N(C1=C([H])C([H])=C(\C([H])=C(/[H])C2=C([H])N=C(OC([H])([H])C([H])([H])OC([H])([H])C([H])([H])OC([H])([H])C([H])([H])[18F])C([H])=C2[H])C([H])=C1[H])C([H])([H])[H],2012
DB09151,18F-flutemetamol,Other central nervous system diagnostic radiopharmaceuticals,CNC1=C([18F])C=C(C=C1)C1=NC2=CC=C(O)C=C2S1,2013
DB09220,nicorandil,Other vasodilators used in cardiac diseases,[O-][N+](=O)OCCNC(=O)C1=CC=CN=C1,2009
DB09265,Lyxumia,Glucagon-like peptide-1 (GLP-1) analogues,CC[C@H](C)[C@H](NC(=O)[C@H](CC1=CC=CC=C1)NC(=O)[C@H](CC(C)C)NC(=O)[C@H](CCCNC(N)=N)NC(=O)[C@@H](NC(=O)[C@H](C)NC(=O)[C@H](CCC(O)=O)NC(=O)[C@H](CCC(O)=O)NC(=O)[C@H](CCC(O)=O)NC(=O)[C@H](CCSC)NC(=O)[C@H](CCC(N)=O)NC(=O)[C@H](CCCCN)NC(=O)[C@H](CO)NC(=O)[C@H](CC(C)C)NC(=O)[C@H](CC(O)=O)NC(=O)[C@H](CO)NC(=O)[C@@H](NC(=O)[C@H](CC1=CC=CC=C1)NC(=O)[C@@H](NC(=O)CNC(=O)[C@H](CCC(O)=O)NC(=O)CNC(=O)[C@@H](N)CC1=CNC=N1)[C@@H](C)O)[C@@H](C)O)C(C)C)C(=O)N[C@@H](CCC(O)=O)C(=O)N[C@@H](CC1=CNC2=C1C=CC=C2)C(=O)N[C@@H](CC(C)C)C(=O)N[C@@H](CCCCN)C(=O)N[C@@H](CC(N)=O)C(=O)NCC(=O)NCC(=O)N1CCC[C@H]1C(=O)N[C@@H](CO)C(=O)N[C@@H](CO)C(=O)NCC(=O)N[C@@H](C)C(=O)N1CCC[C@H]1C(=O)N1CCC[C@H]1C(=O)N[C@@H](CO)C(=O)N[C@@H](CCCCN)C(=O)N[C@@H](CCCCN)C(=O)N[C@@H](CCCCN)C(=O)N[C@@H](CCCCN)C(=O)N[C@@H](CCCCN)C(=O)N[C@@H](CCCCN)C(N)=O,2013
DB13158,clobetasone,Corticosteroids and antiinfectives in combination,[H][C@]1(C)C[C@@]2([H])[C@]3([H])CCC4=CC(=O)C=C[C@]4(C)[C@@]3(F)C(=O)C[C@]2(C)[C@@]1(O)C(=O)CCl,1999
DB13867,fluticasone,"Adrenergics in combination with corticosteroids or other drugs, excl. anticholinergics",[H][C@@]12C[C@@H](C)[C@](O)(C(=O)SCF)[C@@]1(C)C[C@H](O)[C@@]1(F)[C@@]2([H])C[C@H](F)C2=CC(=O)C=C[C@]12C,2007
DB13873,fenofibric,Fibrates,CC(C)(OC1=CC=C(C=C1)C(=O)C1=CC=C(Cl)C=C1)C(O)=O,1993
DB13919,candesartan,Angiotensin II receptor blockers (ARBs) and calcium channel blockers,CCOC1=NC2=CC=CC(C(O)=O)=C2N1CC1=CC=C(C=C1)C1=CC=CC=C1C1=NN=NN1,1998
DB14569,TR-700,Other antibacterials,CN1N=NC(=N1)C1=NC=C(C=C1)C1=C(F)C=C(C=C1)N1C[C@H](CO)OC1=O,2014
DB14575,eslicarbazepine,Carboxamide derivatives,NC(=O)N1C2=C(C[C@H](O)C3=C1C=CC=C3)C=CC=C2,2013
